event_uid,title,artist_name,artist_confidence,matched_alias,matched_field,updated_at
ariake_arena:detail-309,BUMP OF CHICKEN,BUMP OF CHICKEN,high,BUMP OF CHICKEN,title,2026-06-25
ariake_arena:detail-317,ME:I,ME:I,high,ME:I,title,2026-06-25
ariake_arena:detail-318,TREASURE,TREASURE,high,TREASURE,title,2026-06-25
ariake_arena:detail-321,Roselia,Roselia,high,Roselia,title,2026-06-25
ariake_arena:detail-322,"スピッツ, Teenage Fanclub, 羊文学,  Ride",スピッツ,high,スピッツ,title,2026-06-25
ariake_arena:detail-323,NEWS,NEWS,high,NEWS,title,2026-06-25
ariake_arena:detail-328,パリ・サン＝ジェルマン ハンドボールジャパンツアー2026,ハン,high,ハン,title,2026-06-25
ariake_arena:detail-330,CUTIE STREET,CUTIE STREET,high,CUTIE STREET,title,2026-06-25
ariake_arena:detail-331,Mr.Children,Mr.Children,high,Mr.Children,title,2026-06-25
ariake_arena:detail-334,GLAY,GLAY,high,GLAY,title,2026-07-01
ariake_arena:detail-338,マカロニえんぴつ,マカロニえんぴつ,high,マカロニえんぴつ,title,2026-08-01
ariake_arena:detail-341,JOURNEY,Journey,high,Journey,title,2026-07-04
ariake_arena:detail-342,GENERATIONS,GENERATIONS from EXILE TRIBE,high,GENERATIONS,title,2026-07-16
ariake_arena:detail-345,超ときめき♡宣伝部,超ときめき♡宣伝部,high,超ときめき♡宣伝部,title,2026-08-01
ariake_arena:detail-346,L'Arc〜en〜Ciel,L'Arc〜en〜Ciel,high,L'Arc〜en〜Ciel,title,2026-08-01
ariake_arena:detail-347,L'Arc〜en〜Ciel,L'Arc〜en〜Ciel,high,L'Arc〜en〜Ciel,title,2026-08-01
ariake_arena:detail-348,KAWAII LAB.,KAWAII LAB.,high,KAWAII LAB.,title,2026-08-01
belluna_dome:https://befirst.tokyo/tour/dometour2027/#d=2027-03-06,コンサート BE:FIRST 5th Anniversary DOME TOUR 2027 詳細,BE:FIRST,high,BE:FIRST,title,2026-07-01
belluna_dome:https://befirst.tokyo/tour/dometour2027/#d=2027-03-07,コンサート BE:FIRST 5th Anniversary DOME TOUR 2027 詳細,BE:FIRST,high,BE:FIRST,title,2026-07-01
belluna_dome:https://nct-jp.net/live/tour.php?id=1003056#d=2026-10-24,コンサート NCT 127 5TH TOUR 'NEO CITY : SAITAMA - THE REDLINE' 詳細,NCT 127,high,NCT 127,title,2026-08-04
belluna_dome:https://nct-jp.net/live/tour.php?id=1003056#d=2026-10-25,コンサート NCT 127 5TH TOUR 'NEO CITY : SAITAMA - THE REDLINE' 詳細,NCT 127,high,NCT 127,title,2026-08-04
festival_hall:https://www.festivalhall.jp/events/5531/,スキマスイッチ　TOUR2026 “POPMAN’S CARNIVAL vol.3”,スキマスイッチ,high,スキマスイッチ,title,2026-06-25
festival_hall:https://www.festivalhall.jp/events/5795/,JUJU HALL TOUR 2026 純喫茶JUJU「時間旅行」演出:松任谷正隆,JUJU,high,JUJU,title,2026-06-25
festival_hall:https://www.festivalhall.jp/events/5796/,JUJU HALL TOUR 2026 純喫茶JUJU「時間旅行」演出:松任谷正隆,JUJU,high,JUJU,title,2026-06-25
festival_hall:https://www.festivalhall.jp/events/5855/,吉川晃司　KIKKAWA KOJI  LIVE 2026,吉川晃司,high,吉川晃司,title,2026-06-25
festival_hall:https://www.festivalhall.jp/events/5875/,松任谷由実 THE WORMHOLE TOUR 2025-26,松任谷由実,high,松任谷由実,title,2026-06-25
festival_hall:https://www.festivalhall.jp/events/5876/,松任谷由実 THE WORMHOLE TOUR 2025-26,松任谷由実,high,松任谷由実,title,2026-06-25
festival_hall:https://www.festivalhall.jp/events/5877/,松任谷由実 THE WORMHOLE TOUR 2025-26,松任谷由実,high,松任谷由実,title,2026-06-25
festival_hall:https://www.festivalhall.jp/events/5878/,松任谷由実 THE WORMHOLE TOUR 2025-26,松任谷由実,high,松任谷由実,title,2026-06-25
festival_hall:https://www.festivalhall.jp/events/5974/,石川さゆり プレ55周年記念コンサート,石川さゆり,high,石川さゆり,title,2026-06-25
festival_hall:https://www.festivalhall.jp/events/6011/,ASKA CONCERT TOUR 2026-2027 “Lock-on”,ASKA,high,ASKA,title,2026-06-25
festival_hall:https://www.festivalhall.jp/events/6014/,ASKA CONCERT TOUR 2026-2027 “Lock-on”,ASKA,high,ASKA,title,2026-06-25
festival_hall:https://www.festivalhall.jp/events/6064/,indigo la End ONEMAN TOUR 2026「紫にて」,indigo la End,high,indigo la End,title,2026-06-25
festival_hall:https://www.festivalhall.jp/events/6087/,水谷千重子の宴ジョインコンサート2026,ジョイ,high,ジョイ,title,2026-06-25
festival_hall:https://www.festivalhall.jp/events/6088/,水谷千重子の宴ジョインコンサート2026,ジョイ,high,ジョイ,title,2026-06-25
festival_hall:https://www.festivalhall.jp/events/6094/,平原綾香 Concert Tour 2026 with Orchestra,平原綾香,high,平原綾香,title,2026-06-25
festival_hall:https://www.festivalhall.jp/events/6137/,さだまさしコンサートツアー2026 神さまの言うとおり,さだまさし,high,さだまさし,title,2026-06-25
festival_hall:https://www.festivalhall.jp/events/6140/,さだまさしコンサートツアー2026 神さまの言うとおり,さだまさし,high,さだまさし,title,2026-06-25
festival_hall:https://www.festivalhall.jp/events/6146/,鈴木雅之 taste of martini tour 2026 Step123 season2　“70 / 40th anniversary“,鈴木雅之,high,鈴木雅之,title,2026-06-25
festival_hall:https://www.festivalhall.jp/events/6147/,鈴木雅之 taste of martini tour 2026 Step123 season2　“70 / 40th anniversary“,鈴木雅之,high,鈴木雅之,title,2026-06-25
festival_hall:https://www.festivalhall.jp/events/6149/,アンジェラ・アキ Tour 2026 SHADOW WORK,アンジェラ・アキ,high,アンジェラ・アキ,title,2026-06-25
festival_hall:https://www.festivalhall.jp/events/6163/,郷ひろみ Concert Tour 2026 〜ALL MY LOVE〜,郷ひろみ,high,郷ひろみ,title,2026-06-25
festival_hall:https://www.festivalhall.jp/events/6168/,milet Hall Tour 2026,milet,high,milet,title,2026-06-25
festival_hall:https://www.festivalhall.jp/events/6170/,milet Hall Tour 2026,milet,high,milet,title,2026-06-25
festival_hall:https://www.festivalhall.jp/events/6194/,～結成20周年記念～高嶋ちさ子 12人のヴァイオリニスト コンサートツアー 2026〜2027,高嶋ちさ子 12人のヴァイオリニスト,high,高嶋ちさ子 12人のヴァイオリニスト,title,2026-06-25
festival_hall:https://www.festivalhall.jp/events/6221/,⽺⽂学 TOUR 2026 “すーーーはーーー”,羊文学,high,羊文学,title,2026-06-25
festival_hall:https://www.festivalhall.jp/events/6261/,吉田兄弟-極生-THE MOMENT,吉田兄弟,high,吉田兄弟,title,2026-06-25
festival_hall:https://www.festivalhall.jp/events/6286/,60th Anniversary Tour 森山良子コンサート 2026 〜 Life Is Beautiful 〜,森山良子,high,森山良子,title,2026-06-25
festival_hall:https://www.festivalhall.jp/events/6306/,上沼恵美子コンサート2026,上沼恵美子,high,上沼恵美子,title,2026-06-25
festival_hall:https://www.festivalhall.jp/events/6308/,上沼恵美子コンサート2026,上沼恵美子,high,上沼恵美子,title,2026-06-25
festival_hall:https://www.festivalhall.jp/events/6311/,柴咲コウ LIVE TOUR 2026 ACTOR’S THE BEST〜泡沫〜,柴咲コウ,high,柴咲コウ,title,2026-06-25
festival_hall:https://www.festivalhall.jp/events/6313/,葉加瀬太郎 コンサートツアー 2026,葉加瀬太郎,high,葉加瀬太郎,title,2026-06-25
festival_hall:https://www.festivalhall.jp/events/6314/,葉加瀬太郎 コンサートツアー 2026,葉加瀬太郎,high,葉加瀬太郎,title,2026-06-25
festival_hall:https://www.festivalhall.jp/events/6315/,葉加瀬太郎 コンサートツアー 2026,葉加瀬太郎,high,葉加瀬太郎,title,2026-06-25
festival_hall:https://www.festivalhall.jp/events/6361/,サグラダ・ファミリア シンフォニックコンサート,リア,high,リア,title,2026-06-25
festival_hall:https://www.festivalhall.jp/events/6367/,フレンドシップライブ～俺たちの青春白書～,レン,high,レン,title,2026-06-25
festival_hall:https://www.festivalhall.jp/events/6399/,玉置浩二 with 故郷楽団 Concert Tour 2026 ファンファーレ!!,玉置浩二,high,玉置浩二,title,2026-06-25
festival_hall:https://www.festivalhall.jp/events/6400/,玉置浩二 with 故郷楽団 Concert Tour 2026 ファンファーレ!!,玉置浩二,high,玉置浩二,title,2026-06-25
festival_hall:https://www.festivalhall.jp/events/6443/,島津亜矢40周年リサイタル〜ありがとうspecial〜,島津亜矢,high,島津亜矢,title,2026-08-10
festival_hall:https://www.festivalhall.jp/events/6466/,八神純子 キミの街へ 2026,八神純子,high,八神純子,title,2026-06-25
festival_hall:https://www.festivalhall.jp/events/6472/,坂本冬美　SPECIALin大阪～今日から明日へ～,坂本冬美,high,坂本冬美,title,2026-06-25
festival_hall:https://www.festivalhall.jp/events/6474/,舟木一夫,舟木一夫,high,舟木一夫,title,2026-06-25
festival_hall:https://www.festivalhall.jp/events/6507/,tuki.『秋の修学旅⾏〜天体観測〜』,tuki.,high,tuki.,title,2026-06-25
festival_hall:https://www.festivalhall.jp/events/6521/,反田恭平 ピアノリサイタル 2026,反田恭平,high,反田恭平,title,2026-06-25
festival_hall:https://www.festivalhall.jp/events/6536/,上原ひろみ×熊谷和徳 JAPAN TOUR 2026,上原ひろみ,high,上原ひろみ,title,2026-06-25
festival_hall:https://www.festivalhall.jp/events/6537/,布施明 LIVE TOUR 2026-2027,布施明,high,布施明,title,2026-06-25
festival_hall:https://www.festivalhall.jp/events/6570/,德永英明 40th Anniversary Concert Tour 2026 COVERS & BEST,德永英明,high,德永英明,title,2026-06-25
festival_hall:https://www.festivalhall.jp/events/6571/,德永英明 40th Anniversary Concert Tour 2026 COVERS & BEST,德永英明,high,德永英明,title,2026-06-25
festival_hall:https://www.festivalhall.jp/events/6573/,ビッケブランカ VK Blanka Joyride to 10th Tour,ビッケブランカ,high,ビッケブランカ,title,2026-07-19
festival_hall:https://www.festivalhall.jp/events/6578/,来生たかお Stand Alone 2026~Christmas Color~,来生たかお,high,来生たかお,title,2026-06-28
festival_hall:https://www.festivalhall.jp/events/6643/,薬師丸ひろ子 Concert Tour 2026 〜明日が来る〜,薬師丸ひろ子,high,薬師丸ひろ子,title,2026-06-25
festival_hall:https://www.festivalhall.jp/events/6644/,薬師丸ひろ子 Concert Tour 2026 〜明日が来る〜,薬師丸ひろ子,high,薬師丸ひろ子,title,2026-06-25
festival_hall:https://www.festivalhall.jp/events/6662/,斉藤和義 LIVE TOUR 2026,斉藤和義,high,斉藤和義,title,2026-06-25
festival_hall:https://www.festivalhall.jp/events/6673/,氷川きよし Concert Tour 2026-27 〜KIINA’S LAND 2〜,氷川きよし,high,氷川きよし,title,2026-07-07
festival_hall:https://www.festivalhall.jp/events/6674/,氷川きよし Concert Tour 2026-27 〜KIINA’S LAND 2〜,氷川きよし,high,氷川きよし,title,2026-07-07
festival_hall:https://www.festivalhall.jp/events/6676/,トータス松本 ライブ2026 Good Times,トータス松本,high,トータス松本,title,2026-07-01
festival_hall:https://www.festivalhall.jp/events/6697/,～結成20周年記念～高嶋ちさ子 12人のヴァイオリニスト コンサートツアー 2026〜2027,高嶋ちさ子 12人のヴァイオリニスト,high,高嶋ちさ子 12人のヴァイオリニスト,title,2026-07-07
festival_hall:https://www.festivalhall.jp/events/6708/,沢田研二 2026 LIVE「freedom安堵courage」,沢田研二,high,沢田研二,title,2026-07-01
festival_hall:https://www.festivalhall.jp/events/6713/,山下達郎 PERFORMANCE 2026,山下達郎,high,山下達郎,title,2026-08-10
festival_hall:https://www.festivalhall.jp/events/6714/,山下達郎 PERFORMANCE 2026,山下達郎,high,山下達郎,title,2026-08-10
festival_hall:https://www.festivalhall.jp/events/6727/,島袋寛子 30th Anniversary Live 2026 -SPEED WAY-,島袋寛子,high,島袋寛子,title,2026-07-04
festival_hall:https://www.festivalhall.jp/events/6741/,山下達郎 PERFORMANCE 2026,山下達郎,high,山下達郎,title,2026-08-10
festival_hall:https://www.festivalhall.jp/events/6742/,山下達郎 PERFORMANCE 2026,山下達郎,high,山下達郎,title,2026-08-10
festival_hall:https://www.festivalhall.jp/events/6746/,林部智史 CONCERT TOUR 2026・秋 This is Myself !!,林部智史,high,林部智史,title,2026-07-07
festival_hall:https://www.festivalhall.jp/events/6779/,法村友井バレエ団　公演『ラ・フィユ・マル・ガルデ（La Fille mal gardée）リーズの結婚』,MaL,high,MaL,title,2026-07-19
festival_hall:https://www.festivalhall.jp/events/6783/,ウルフルズ ライブ2026 大晦日にBANZAIやったっていいじゃないか！,ウルフルズ,high,ウルフルズ,title,2026-08-10
fukuoka_paypay_dome:https://befirst.tokyo/tour/dometour2027/#ticket#d=2027-02-13#t=17:00,BE:FIRST 5th Anniversary DOME TOUR 2027,BE:FIRST,high,BE:FIRST,title,2026-06-25
fukuoka_paypay_dome:https://befirst.tokyo/tour/dometour2027/#ticket#d=2027-02-14#t=17:00,BE:FIRST 5th Anniversary DOME TOUR 2027,BE:FIRST,high,BE:FIRST,title,2026-06-25
fukuoka_paypay_dome:https://enhypen-jp.weverse.io/news/932a12458df2#d=2027-02-06#t=17:00,ENHYPEN WORLD TOUR 'BLOOD SAGA' IN JAPAN,ENHYPEN,high,ENHYPEN,title,2026-06-25
fukuoka_paypay_dome:https://enhypen-jp.weverse.io/news/932a12458df2#d=2027-02-07#t=16:00,ENHYPEN WORLD TOUR 'BLOOD SAGA' IN JAPAN,ENHYPEN,high,ENHYPEN,title,2026-08-07
fukuoka_paypay_dome:https://tobe-official.jp/artists/number_i/news/2318#d=2027-01-16,日本公演「Number_i LIVE TOUR No.III」,Number_i,high,Number_i,title,2026-08-10
fukuoka_paypay_dome:https://tobe-official.jp/artists/number_i/news/2318#d=2027-01-17,日本公演「Number_i LIVE TOUR No.III」,Number_i,high,Number_i,title,2026-08-10
fukuoka_paypay_dome:https://www.straykidsjapan.com/info/archive/?584436#d=2026-10-24#t=18:30,Stray Kids World Tour <RUN IT JAPAN>,Stray Kids,high,Stray Kids,title,2026-07-07
fukuoka_paypay_dome:https://www.yoasobi-music.jp/live/54776#d=2026-11-28#t=18:00,YOASOBI ASIA 10-CITY DOME & STADIUM TOUR 2026-2027,YOASOBI,high,YOASOBI,title,2026-06-25
fukuoka_paypay_dome:https://www.yoasobi-music.jp/live/54776#d=2026-11-29#t=17:00,YOASOBI ASIA 10-CITY DOME & STADIUM TOUR 2026-2027,YOASOBI,high,YOASOBI,title,2026-06-25
k_arena_yokohama:https://k-arena.com/schedule/20260801-1/,2026 LE SSERAFIM TOUR ‘PUREFLOW’ IN JAPAN LE SSERAFIM,LE SSERAFIM,high,LE SSERAFIM,title,2026-08-01
k_arena_yokohama:https://k-arena.com/schedule/20260802-1/,2026 LE SSERAFIM TOUR ‘PUREFLOW’ IN JAPAN LE SSERAFIM,LE SSERAFIM,high,LE SSERAFIM,title,2026-08-01
k_arena_yokohama:https://k-arena.com/schedule/20260808-1/,超特急 BULLET TRAIN ARENA TOUR 2026 ESCORT 超特急,超特急,high,超特急,title,2026-08-01
k_arena_yokohama:https://k-arena.com/schedule/20260809-1/,超特急 BULLET TRAIN ARENA TOUR 2026 ESCORT 超特急,超特急,high,超特急,title,2026-08-01
k_arena_yokohama:https://k-arena.com/schedule/20260826-1/,iLiFE!ワンマンLIVE「MEGALiFE!」 iLiFE!,ILiFE!,high,ILiFE!,title,2026-08-01
makuhari_messe:/event/detail/8835,HAPPY SWING 30th Anniversary GLAY SPECIAL LIVE We♡Happy Swing Vol.4 ～Promise The Venezia～,HAPPY,high,HAPPY,title,2026-06-25
makuhari_messe:/event/detail/8836,"Vaundy ASIA ARENA TOUR 2026 ""HORO""",Vaundy,high,Vaundy,title,2026-06-25
mufg_stadium:/schedule/2026/0919_16242.php,SixTONES LIVE TOUR 2026 「MILESixTONES」,SixTONES,high,SixTONES,title,2026-07-28
mufg_stadium:/schedule/2026/0920_16244.php,SixTONES LIVE TOUR 2026 「MILESixTONES」,SixTONES,high,SixTONES,title,2026-07-28
osaka_jo_hall:h:2d37fc93ec1d43ff,桑田佳祐,桑田佳祐,high,桑田佳祐,title,2026-08-10
osaka_jo_hall:h:7d003a9f6b6e7fc5,aiko,aiko,high,aiko,title,2026-08-10
osaka_jo_hall:h:9c63ec07471a03b5,桑田佳祐,桑田佳祐,high,桑田佳祐,title,2026-08-10
osaka_jo_hall:h:a75d2ac05f2cbd63,-真天地開闢集団-ジグザグ,-真天地開闢集団-ジグザグ,high,-真天地開闢集団-ジグザグ,title,2026-08-10
osaka_jo_hall:https://kyodo-osaka.co.jp/search/detail/11211#d=2026-11-18#t=18:30,米津玄師,米津玄師,high,米津玄師,title,2026-08-10
osaka_jo_hall:https://kyodo-osaka.co.jp/search/detail/11211#d=2026-11-19#t=18:30,米津玄師,米津玄師,high,米津玄師,title,2026-08-10
osaka_jo_hall:https://kyodo-osaka.co.jp/search/detail/12573#d=2026-10-25#t=17:00,絢香,絢香,high,絢香,title,2026-08-10
osaka_jo_hall:https://kyodo-osaka.co.jp/search/detail/12687#d=2026-12-25#t=17:00,M!LK,M!LK,high,M!LK,title,2026-08-10
osaka_jo_hall:https://kyodo-osaka.co.jp/search/detail/12687#d=2026-12-26#t=12:30,M!LK,M!LK,high,M!LK,title,2026-08-10
osaka_jo_hall:https://kyodo-osaka.co.jp/search/detail/12737#d=2026-10-23#t=19:00,緑黄色社会,緑黄色社会,high,緑黄色社会,title,2026-08-10
osaka_jo_hall:https://kyodo-osaka.co.jp/search/detail/12737#d=2026-10-24#t=16:00,緑黄色社会,緑黄色社会,high,緑黄色社会,title,2026-08-10
osaka_jo_hall:https://kyodo-osaka.co.jp/search/detail/12916#d=2026-10-06#t=18:30,コブクロ,コブクロ,high,コブクロ,title,2026-08-10
osaka_jo_hall:https://kyodo-osaka.co.jp/search/detail/12916#d=2026-10-07#t=18:30,コブクロ,コブクロ,high,コブクロ,title,2026-08-10
osaka_jo_hall:https://kyodo-osaka.co.jp/search/detail/12952#d=2026-09-09#t=18:00,BOYNEXTDOOR,BOYNEXTDOOR,high,BOYNEXTDOOR,title,2026-08-10
osaka_jo_hall:https://kyodo-osaka.co.jp/search/detail/12952#d=2026-09-10#t=18:00,BOYNEXTDOOR,BOYNEXTDOOR,high,BOYNEXTDOOR,title,2026-08-10
osaka_jo_hall:https://kyodo-osaka.co.jp/search/detail/13115#d=2026-10-10#t=17:30,藤井フミヤ,藤井フミヤ,high,藤井フミヤ,title,2026-08-10
osaka_jo_hall:https://kyodo-osaka.co.jp/search/detail/13140#d=2026-10-09#t=18:30,高嶋ちさ子のザワつく！音楽会 2026,高嶋ちさ子,high,高嶋ちさ子,title,2026-08-10
osaka_jo_hall:https://kyodo-osaka.co.jp/search/detail/13192#d=2026-09-21#t=18:00,GADORO,GADORO,high,GADORO,title,2026-08-10
osaka_jo_hall:https://kyodo-osaka.co.jp/search/detail/13343#d=2026-11-14#t=17:00,U-KNOW,ユンホ,high,U-Know,title,2026-08-10
osaka_jo_hall:https://kyodo-osaka.co.jp/search/detail/13343#d=2026-11-15#t=16:00,U-KNOW,ユンホ,high,U-Know,title,2026-08-10
osaka_jo_hall:https://kyodo-osaka.co.jp/search/detail/13371#d=2026-09-19#t=17:00,松田聖子,松田聖子,high,松田聖子,title,2026-08-10
osaka_jo_hall:https://kyodo-osaka.co.jp/search/detail/13371#d=2026-09-20#t=15:00,松田聖子,松田聖子,high,松田聖子,title,2026-08-10
osaka_jo_hall:https://starto.jp/s/p/live/10489?ima=4536&artist=56#d=2026-08-25#t=18:00,なにわ男子,なにわ男子,high,なにわ男子,title,2026-08-10
osaka_jo_hall:https://starto.jp/s/p/live/10489?ima=4536&artist=56#d=2026-08-26#t=13:30,なにわ男子,なにわ男子,high,なにわ男子,title,2026-08-10
osaka_jo_hall:https://tour.mrchildren.jp/#d=2026-10-14#t=18:30,Mr.Children【振替公演】,Mr.Children,high,Mr.Children,title,2026-08-10
osaka_jo_hall:https://tour.mrchildren.jp/#d=2026-10-15#t=18:30,Mr.Children【振替公演】,Mr.Children,high,Mr.Children,title,2026-08-10
osaka_jo_hall:https://www.greens-corp.co.jp/schedule/info/index.php?event_id=13877#d=2026-11-23#t=17:00,TOMOO,TOMOO,high,TOMOO,title,2026-08-10
osaka_jo_hall:https://www.greens-corp.co.jp/schedule/info/index.php?event_id=14014#d=2026-09-12#t=18:00,サカナクション,サカナクション,high,サカナクション,title,2026-08-10
osaka_jo_hall:https://www.greens-corp.co.jp/schedule/info/index.php?event_id=14015#d=2026-09-13#t=17:00,サカナクション,サカナクション,high,サカナクション,title,2026-08-10
osaka_jo_hall:https://www.ktv.jp/event/zao/zaoosaka/#d=2026-11-01#t=17:00,千原ジュニアの座王　東西２大ライブツアー,ジュ,high,ジュ,title,2026-08-10
osaka_jo_hall:https://www.shimizuonsen.com/schedule/detail/4504/#d=2026-10-03#t=18:00,マカロニえんぴつ,マカロニえんぴつ,high,マカロニえんぴつ,title,2026-08-10
osaka_jo_hall:https://www.shimizuonsen.com/schedule/detail/4504/#d=2026-10-04#t=16:00,マカロニえんぴつ,マカロニえんぴつ,high,マカロニえんぴつ,title,2026-08-10
osaka_jo_hall:https://www.shimizuonsen.com/schedule/detail/4515/#d=2027-03-22#t=18:00,岡崎体育,岡崎体育,high,岡崎体育,title,2026-08-10
osaka_jo_hall:https://www.sogoosaka.com/live_information/detail/492#d=2026-11-28#t=17:00,矢沢永吉,矢沢永吉,high,矢沢永吉,title,2026-08-10
osaka_jo_hall:https://www.sogoosaka.com/live_information/detail/492#d=2026-11-29#t=17:00,矢沢永吉,矢沢永吉,high,矢沢永吉,title,2026-08-10
osaka_jo_hall:https://www.sound-c.co.jp/schedule/detail/10019/#d=2026-09-26#t=16:00,EXILE THE SECOND,EXILE THE SECOND,high,EXILE THE SECOND,title,2026-08-10
osaka_jo_hall:https://www.sound-c.co.jp/schedule/detail/10019/#d=2026-09-27#t=15:00,EXILE THE SECOND,EXILE THE SECOND,high,EXILE THE SECOND,title,2026-08-10
osaka_jo_hall:https://www.sound-c.co.jp/schedule/detail/10079/#d=2026-11-25#t=18:30,GENERATIONS,GENERATIONS from EXILE TRIBE,high,GENERATIONS,title,2026-08-10
osaka_jo_hall:https://www.sound-c.co.jp/schedule/detail/10079/#d=2026-11-26#t=18:30,GENERATIONS,GENERATIONS from EXILE TRIBE,high,GENERATIONS,title,2026-08-10
osaka_jo_hall:https://www.sound-c.co.jp/schedule/detail/10254/#d=2026-09-16#t=18:00,HANA,HANA,medium,HANA,title,2026-08-10
osaka_jo_hall:https://www.sound-c.co.jp/schedule/detail/10254/#d=2026-09-17#t=18:00,HANA,HANA,medium,HANA,title,2026-08-10
osaka_jo_hall:https://www.sound-c.co.jp/schedule/detail/9771/#d=2026-08-21#t=19:00,SCANDAL,SCANDAL,high,SCANDAL,title,2026-08-10
osaka_jo_hall:https://www.sukusuku.com/event/ss2026/#d=2026-08-29#t=10:30,おかあさんといっしょスペシャルステージ2026　おおさか公演,一志,high,いっし,title,2026-08-10
osaka_jo_hall:https://www.sukusuku.com/event/ss2026/#d=2026-08-30#t=10:30,おかあさんといっしょスペシャルステージ2026　おおさか公演,一志,high,いっし,title,2026-08-10
osaka_jo_hall:https://www.yumebanchi.jp/event/38500/#d=2026-09-05#t=17:00,DREAMS COME TRUE,DREAMS COME TRUE,high,DREAMS COME TRUE,title,2026-08-10
osaka_jo_hall:https://www.yumebanchi.jp/event/38500/#d=2026-09-06#t=17:00,DREAMS COME TRUE,DREAMS COME TRUE,high,DREAMS COME TRUE,title,2026-08-10
osaka_jo_hall:https://www.yumebanchi.jp/event/43962/#d=2026-10-16#t=18:30,Novelbright,Novelbright,high,Novelbright,title,2026-08-10
osaka_jo_hall:https://www.yumebanchi.jp/event/43962/#d=2026-10-17#t=18:00,Novelbright,Novelbright,high,Novelbright,title,2026-08-10
osaka_jo_hall:https://www.yumebanchi.jp/event/45071/#d=2026-10-18#t=17:00,Ms.OOJA,Ms.OOJA,high,Ms.OOJA,title,2026-08-10
osaka_jo_hall:https://www.yumebanchi.jp/event/47854/#d=2026-11-07#t=17:00,GLAY,GLAY,high,GLAY,title,2026-08-10
osaka_jo_hall:https://www.yumebanchi.jp/event/47854/#d=2026-11-08#t=16:00,GLAY,GLAY,high,GLAY,title,2026-08-10
pia_arena_mm:event/6436.html,M!LK M!LK ARENA TOUR 2026-2027 「シャカリキレボリューション」,M!LK,high,M!LK,title,2026-06-25
pia_arena_mm:event/6439.html,M!LK M!LK ARENA TOUR 2026-2027 「シャカリキレボリューション」,M!LK,high,M!LK,title,2026-06-25
pia_arena_mm:event/6550.html,THE ORAL CIGARETTES BKW!! Premium Party 〜Think Out Loud〜,THE ORAL CIGARETTES,high,THE ORAL CIGARETTES,title,2026-06-25
pia_arena_mm:event/6558.html,TOMOO TOMOO Arena Tour 2026,TOMOO,high,TOMOO,title,2026-06-25
pia_arena_mm:event/6560.html,TOMOO TOMOO Arena Tour 2026,TOMOO,high,TOMOO,title,2026-06-25
pia_arena_mm:event/6602.html,ReoNa ReoNa ONE-MAN Concert 2027 「ハロー、アンハッピー」 at ぴあアリーナMM ～逃げて逢おうね～,ReoNa,high,ReoNa,title,2026-06-25
pia_arena_mm:event/6605.html,ReoNa ReoNa ONE-MAN Concert 2027 「ハロー、アンハッピー」 at ぴあアリーナMM ～やっぱり人が好き～,ReoNa,high,ReoNa,title,2026-06-25
pia_arena_mm:event/6627.html,BABYMONSTER 2026-27 BABYMONSTER WORLD TOUR [춤(CHOOM)] IN JAPAN,BABYMONSTER,high,BABYMONSTER,title,2026-06-25
pia_arena_mm:event/6629.html,BABYMONSTER 2026-27 BABYMONSTER WORLD TOUR [춤(CHOOM)] IN JAPAN,BABYMONSTER,high,BABYMONSTER,title,2026-06-25
pia_arena_mm:event/6648.html,DUSTCELL DUSTCELL LIVE 2026 ー道ー at ぴあアリーナMM,DUSTCELL,high,DUSTCELL,title,2026-06-25
pia_arena_mm:event/6680.html,コブクロ KOBUKURO LIVE TOUR 2026 霞日和,コブクロ,high,コブクロ,title,2026-06-25
pia_arena_mm:event/6683.html,コブクロ KOBUKURO LIVE TOUR 2026 霞日和,コブクロ,high,コブクロ,title,2026-06-25
pia_arena_mm:event/6721.html,SKRYU SKRYU Super Live 2026 「The Light」 PINK -Moonlight Paradise- with Secret Guests,SKRYU,high,SKRYU,title,2026-06-25
pia_arena_mm:event/6724.html,SKRYU SKRYU Super Live 2026 「The Light」 SEPIA -Midnight Rendezvous-,SKRYU,high,SKRYU,title,2026-06-25
pia_arena_mm:event/6756.html,テレビ朝⽇presents sumika × 瑠東東⼀郎 CINEMA＆LIVE,sumika,high,sumika,title,2026-06-25
pia_arena_mm:event/6758.html,テレビ朝⽇presents sumika × 瑠東東⼀郎 CINEMA＆LIVE,sumika,high,sumika,title,2026-06-25
pia_arena_mm:event/6802.html,Tani Yuuki Tani Yuuki Live Tour 26-27 “SPACE RENDEZVOUS”,Tani Yuuki,high,Tani Yuuki,title,2026-07-01
pia_arena_mm:event/6916.html,きゃりーぱみゅぱみゅ PAMYU FES ～Kyary Pamyu Pamyu 15th Anniversary ～,きゃりーぱみゅぱみゅ,high,きゃりーぱみゅぱみゅ,title,2026-06-25
pia_arena_mm:event/6919.html,SWEET STEADY SWEET STEADY ARENA LIVE 2026 -SUMMER-,SWEET STEADY,high,SWEET STEADY,title,2026-06-25
pia_arena_mm:event/6931.html,"iri iri 10th Anniversary LIVE ""Period""",iri,high,iri,title,2026-06-25
pia_arena_mm:event/6936.html,Novelbright Novelbright HALL & ARENA TOUR 2026 -PYRAMID-,Novelbright,high,Novelbright,title,2026-06-25
pia_arena_mm:event/6939.html,Novelbright Novelbright HALL & ARENA TOUR 2026 -PYRAMID-,Novelbright,high,Novelbright,title,2026-06-25
pia_arena_mm:event/6944.html,"シャインポスト シャインポスト BRiGHT STARS FESTIVAL 2026 TINGS LIVE JOURNEY ep.03 ""Re:Union""",鬼束ちひろ,high,シャイン,title,2026-07-10
pia_arena_mm:event/6955.html,CORTIS 2026 CORTIS TOUR <PUT YOUR PHONE DOWN> IN JAPAN,CORTIS,high,CORTIS,title,2026-06-25
pia_arena_mm:event/6958.html,CORTIS 2026 CORTIS TOUR <PUT YOUR PHONE DOWN> IN JAPAN,CORTIS,high,CORTIS,title,2026-06-25
pia_arena_mm:event/6960.html,CORTIS 2026 CORTIS TOUR <PUT YOUR PHONE DOWN> IN JAPAN,CORTIS,high,CORTIS,title,2026-06-25
pia_arena_mm:event/6996.html,PLAVE 2026 PLAVE World Tour [KEEP IT MANIC] in Japan,Plave,high,Plave,title,2026-06-25
pia_arena_mm:event/6998.html,PLAVE 2026 PLAVE World Tour [KEEP IT MANIC] in Japan,Plave,high,Plave,title,2026-06-25
pia_arena_mm:event/7009.html,山下智久 TOMOHISA YAMASHITA TOUR 2026 DREAMING,山下智久,high,山下智久,title,2026-06-28
pia_arena_mm:event/7014.html,山下智久 TOMOHISA YAMASHITA TOUR 2026 DREAMING,山下智久,high,山下智久,title,2026-06-28
pia_arena_mm:event/7056.html,"キタニタツヤ TATSUYA KITANI ONEMAN ARENA TOUR ""DEKAI / PURE""",キタニタツヤ,high,キタニタツヤ,title,2026-07-10
pia_arena_mm:event/7059.html,"キタニタツヤ TATSUYA KITANI ONEMAN ARENA TOUR ""DEKAI / PURE""",キタニタツヤ,high,キタニタツヤ,title,2026-07-10
pia_arena_mm:event/7087.html,あいみょん AIMYON TOUR 2027,あいみょん,high,あいみょん,title,2026-07-25
pia_arena_mm:event/7090.html,あいみょん AIMYON TOUR 2027,あいみょん,high,あいみょん,title,2026-07-25
pia_arena_mm:event/7100.html,RADWIMPS Official Fan Club Tour 2026 ユーリンチー “おかわり” 追加公演,RADWIMPS,high,RADWIMPS,title,2026-07-25
pia_arena_mm:event/7103.html,RADWIMPS Official Fan Club Tour 2026 ユーリンチー “おかわり” 追加公演,RADWIMPS,high,RADWIMPS,title,2026-07-25
saitama_super_arena:https://www.saitama-arena.co.jp/schedule/%e9%99%b8%e4%b8%8a%e8%87%aa%e8%a1%9b%e9%9a%8a%e4%b8%ad%e5%a4%ae%e9%9f%b3%e6%a5%bd%e9%9a%8a%e3%83%bb%e7%81%ab%e6%9b%9c%e3%82%b3%e3%83%b3%e3%82%b5%e3%83%bc%e3%83%88-2/,陸上自衛隊中央音楽隊・火曜コンサート,音楽隊 (陸上自衛隊),high,陸上自衛隊中央音楽隊,title,2026-06-25
saitama_super_arena:https://www.saitama-arena.co.jp/schedule/love-jazz-time-2026-6/,LOVE JAZZ TIME 2026,LOVE,high,LOVE,title,2026-06-25
saitama_super_arena:https://www.saitama-arena.co.jp/schedule/love-jazz-time-2026-7/,LOVE JAZZ TIME 2026,LOVE,high,LOVE,title,2026-06-25
saitama_super_arena:https://www.saitama-arena.co.jp/schedule/love-jazz-time-2026-8/,LOVE JAZZ TIME 2026,LOVE,high,LOVE,title,2026-06-25
sapporo_dome:https://www.sapporo-dome.co.jp/schedule/detail?date=20260819,満腹ドーム！ジンギスカンフェスト,ジン,high,ジン,title,2026-07-22
tdc_hall:https://heroines.jp/news/public/_/p9t1hvg2rdfgkq9e.html#d=2026-09-15#t=17:30,夜光性アミューズ SUMMER TOUR2026 TOUR FINAL「NIGHT DAY LIGHT」,夜光性アミューズ,high,夜光性アミューズ,title,2026-08-07
tdc_hall:https://syudou.com/live/kakataisho/#d=2026-09-23#t=17:00,syudou presents「呵呵大笑」,syudou,high,syudou,title,2026-07-25
tdc_hall:https://www.creativeman.co.jp/event/belle-sebastian_2026/#d=2026-09-24#t=19:00,"BELLE & SEBASTIAN -performing ""Tigermilk""-",Belle,high,Belle,title,2026-08-07
tdc_hall:https://www.creativeman.co.jp/event/belle-sebastian_2026/#d=2026-09-25#t=19:00,"BELLE & SEBASTIAN -performing ""If You're Feeling Sinister""-",Belle,high,Belle,title,2026-08-07
tdc_hall:https://www.dezert.jp/live_information/detail/36466#d=2026-09-27#t=17:30,"DEZERT 15th ANNIVERSARY HALL TOUR 2026 ""Welcome To My Beginning""",DEZERT,high,DEZERT,title,2026-08-07
tokyo_dome:https://befirst.tokyo/tour/dometour2027/#d=2027-01-11#t=17:00,BE:FIRST 5th Anniversary DOME TOUR 2027,BE:FIRST,high,BE:FIRST,title,2026-06-25
tokyo_dome:https://befirst.tokyo/tour/dometour2027/#d=2027-01-12#t=17:00,BE:FIRST 5th Anniversary DOME TOUR 2027,BE:FIRST,high,BE:FIRST,title,2026-06-25
tokyo_dome:https://bullettrain.jp/BT-1125-tokyo-dome/#d=2026-11-25#t=18:00,超特急,超特急,high,超特急,title,2026-06-25
tokyo_dome:https://bullettrain.jp/BT-1125-tokyo-dome/#d=2026-11-26#t=18:00,超特急,超特急,high,超特急,title,2026-06-25
tokyo_dome:https://da-ice.jp/schedule/tour.php?id=1003011&fdate=2027-02-04&ldate=2027-02-14#d=2027-02-04#t=18:00,Da-iCE DAY DOME PHASE 2027,Da-iCE,high,Da-iCE,title,2026-06-25
tokyo_dome:https://ini-official.com/feature/2026_dome_tour#d=2026-09-16#t=18:30,2026 INI 5TH ANNIVERSARY DOME TOUR [CITY OF LIGHTS],INI,high,INI,title,2026-07-28
tokyo_dome:https://ini-official.com/feature/2026_dome_tour#d=2026-09-17#t=14:30,2026 INI 5TH ANNIVERSARY DOME TOUR [CITY OF LIGHTS],INI,high,INI,title,2026-07-28
tokyo_dome:https://kinggnu.jp/live/in.html?55547#d=2027-02-17,King Gnu 10th Anniversary Opening Live “KICKOFF”,King Gnu,high,King Gnu,title,2026-07-22
tokyo_dome:https://kinggnu.jp/live/in.html?55547#d=2027-02-18,King Gnu 10th Anniversary Opening Live “KICKOFF”,King Gnu,high,King Gnu,title,2026-07-22
tokyo_dome:https://sp.super-beaver.com/feature/dometour2026#d=2026-09-22#t=18:00,SUPER BEAVER「都会のラクダ DOME TOUR 2026」,SUPER BEAVER,high,SUPER BEAVER,title,2026-06-25
tokyo_dome:https://sp.super-beaver.com/feature/dometour2026#d=2026-09-23#t=18:00,SUPER BEAVER「都会のラクダ DOME TOUR 2026」,SUPER BEAVER,high,SUPER BEAVER,title,2026-06-25
tokyo_dome:https://tobe-official.jp/artists/number_i/news/2318?page=1#d=2026-12-09#t=18:30,Number_i LIVE TOUR No.III,Number_i,high,Number_i,title,2026-08-07
tokyo_dome:https://tobe-official.jp/artists/number_i/news/2318?page=1#d=2026-12-10#t=18:30,Number_i LIVE TOUR No.III,Number_i,high,Number_i,title,2026-08-07
tokyo_dome:https://www.bumpofchicken.com/live_information/2799#d=2027-02-06#t=18:00,BUMP OF CHICKEN TOUR 2026-2027 Ratio Clavis,BUMP OF CHICKEN,high,BUMP OF CHICKEN,title,2026-06-25
tokyo_dome:https://www.bumpofchicken.com/live_information/2799#d=2027-02-07#t=18:00,BUMP OF CHICKEN TOUR 2026-2027 Ratio Clavis,BUMP OF CHICKEN,high,BUMP OF CHICKEN,title,2026-06-25
tokyo_dome:https://www.hybejapan-concert.com/statics/enhypen_blood_saga##d=2026-12-01#t=18:30,ENHYPEN WORLD TOUR 'BLOOD SAGA' IN JAPAN,ENHYPEN,high,ENHYPEN,title,2026-06-25
tokyo_dome:https://www.hybejapan-concert.com/statics/enhypen_blood_saga##d=2026-12-02#t=16:00,ENHYPEN WORLD TOUR 'BLOOD SAGA' IN JAPAN,ENHYPEN,high,ENHYPEN,title,2026-06-25
tokyo_dome:https://www.sekainoowari-tour.jp/#d=2026-08-15#t=18:00,SEKAI NO OWARI DOME TOUR 2026「THE CINEMA」,SEKAI NO OWARI,high,SEKAI NO OWARI,title,2026-06-25
tokyo_dome:https://www.sekainoowari-tour.jp/#d=2026-08-16#t=18:00,SEKAI NO OWARI DOME TOUR 2026「THE CINEMA」,SEKAI NO OWARI,high,SEKAI NO OWARI,title,2026-06-25
tokyo_dome:https://www.yoasobi-music.jp/live/54776#d=2026-12-05#t=18:00,YOASOBI ASIA 10-CITY DOME & STADIUM TOUR 2026-2027 “超惑星”,YOASOBI,high,YOASOBI,title,2026-08-04
tokyo_dome:https://www.yoasobi-music.jp/live/54776#d=2026-12-06#t=17:00,YOASOBI ASIA 10-CITY DOME & STADIUM TOUR 2026-2027 “超惑星”,YOASOBI,high,YOASOBI,title,2026-08-04
vantelin_dome_nagoya:https://cf.ini-official.com/feature/xquare_masterpiece#d=2026-09-13#t=18:00,2025 INI LIVE [XQUARE - MASTERPIECE],INI,high,INI,title,2026-06-25
vantelin_dome_nagoya:https://cf.ini-official.com/feature/xquare_masterpiece#d=2026-09-14#t=16:00,2025 INI LIVE [XQUARE - MASTERPIECE],INI,high,INI,title,2026-06-25
vantelin_dome_nagoya:https://cf.ini-official.com/feature/xquare_masterpiece#d=2026-09-15#t=16:00,2025 INI LIVE [XQUARE - MASTERPIECE],INI,high,INI,title,2026-06-25
vantelin_dome_nagoya:https://mrsgreenapple.com/feature/babelnotoh#d=2026-10-25#t=18:00,"Mrs. GREEN APPLE DOME TOUR 2025 ""BABEL no TOH""",Mrs. GREEN APPLE,high,Mrs. GREEN APPLE,title,2026-06-25
vantelin_dome_nagoya:https://mrsgreenapple.com/feature/babelnotoh#d=2026-10-26#t=16:00,"Mrs. GREEN APPLE DOME TOUR 2025 ""BABEL no TOH""",Mrs. GREEN APPLE,high,Mrs. GREEN APPLE,title,2026-06-25
vantelin_dome_nagoya:https://seventeen.hybejapan.events/new_#d=2026-11-27#t=18:00,SEVENTEEN WORLD TOUR [NEW_] IN JAPAN,SEVENTEEN,high,SEVENTEEN,title,2026-06-25
vantelin_dome_nagoya:https://seventeen.hybejapan.events/new_#d=2026-11-29#t=18:00,SEVENTEEN WORLD TOUR [NEW_] IN JAPAN,SEVENTEEN,high,SEVENTEEN,title,2026-06-25
vantelin_dome_nagoya:https://seventeen.hybejapan.events/new_#d=2026-11-30#t=18:00,SEVENTEEN WORLD TOUR [NEW_] IN JAPAN,SEVENTEEN,high,SEVENTEEN,title,2026-06-25
vantelin_dome_nagoya:https://starto.jp/s/p/live/10334#d=2027-01-04#t=17:00,Snow Man Dome Tour 2025-2026 ON,Snow Man,high,Snow Man,title,2026-08-01
vantelin_dome_nagoya:https://starto.jp/s/p/live/10334#d=2027-01-05#t=17:00,Snow Man Dome Tour 2025-2026 ON,Snow Man,high,Snow Man,title,2026-08-01
vantelin_dome_nagoya:https://starto.jp/s/p/live/10334#d=2027-01-06#t=17:00,Snow Man Dome Tour 2025-2026 ON,Snow Man,high,Snow Man,title,2026-08-01
vantelin_dome_nagoya:https://starto.jp/s/p/live/10334#d=2027-01-07#t=15:00,Snow Man Dome Tour 2025-2026 ON,Snow Man,high,Snow Man,title,2026-08-01
vantelin_dome_nagoya:https://starto.jp/s/p/live/10360#d=2026-12-20#t=17:00,Hey! Say! JUMP DOME TOUR 2025-2026 S say,Hey! Say! JUMP,high,Hey! Say! JUMP,title,2026-06-25
vantelin_dome_nagoya:https://starto.jp/s/p/live/10360#d=2026-12-21#t=15:00,Hey! Say! JUMP DOME TOUR 2025-2026 S say,Hey! Say! JUMP,high,Hey! Say! JUMP,title,2026-06-25
vantelin_dome_nagoya:https://tobe-official.jp/artists/number_i/concert/364#d=2027-01-09#t=17:00,Number_i LIVE TOUR No.III,Number_i,high,Number_i,title,2026-08-10
vantelin_dome_nagoya:https://tobe-official.jp/artists/number_i/concert/364#d=2027-01-10#t=12:30,Number_i LIVE TOUR No.III,Number_i,high,Number_i,title,2026-08-10
vantelin_dome_nagoya:https://tobe-official.jp/artists/number_i/concert/364#d=2027-01-10#t=19:00,Number_i LIVE TOUR No.III,Number_i,high,Number_i,title,2026-08-10
vantelin_dome_nagoya:https://tobe-official.jp/artists/number_i/concert/364#d=2027-01-11#t=17:00,Number_i LIVE TOUR No.III,Number_i,high,Number_i,title,2026-08-10
vantelin_dome_nagoya:https://txt.hybejapan.events/act_tomorrow_in_japan#d=2026-12-06#t=17:00,TOMORROW X TOGETHER WORLD TOUR ＜ACT : TOMORROW＞ IN JAPAN,TOMORROW X TOGETHER,high,TOMORROW X TOGETHER,title,2026-06-25
vantelin_dome_nagoya:https://txt.hybejapan.events/act_tomorrow_in_japan#d=2026-12-07#t=16:00,TOMORROW X TOGETHER WORLD TOUR ＜ACT : TOMORROW＞ IN JAPAN,TOMORROW X TOGETHER,high,TOMORROW X TOGETHER,title,2026-06-25
vantelin_dome_nagoya:https://www.hybejapan-concert.com/statics/enhypen_blood_saga#d=2026-12-26#t=17:00,ENHYPEN WORLD TOUR 'BLOOD SAGA' IN JAPAN,ENHYPEN,high,ENHYPEN,title,2026-06-25
vantelin_dome_nagoya:https://www.hybejapan-concert.com/statics/enhypen_blood_saga#d=2026-12-27#t=16:00,ENHYPEN WORLD TOUR 'BLOOD SAGA' IN JAPAN,ENHYPEN,high,ENHYPEN,title,2026-06-25
vantelin_dome_nagoya:https://www.ldh-liveschedule.jp/sys/tour/35109/#d=2026-12-27#t=16:00,"EXILE LIVE TOUR 2025 ""THE REASON""",EXILE,high,EXILE,title,2026-06-25
vantelin_dome_nagoya:https://www.ldh-liveschedule.jp/sys/tour/35109/#d=2026-12-28#t=16:00,"EXILE LIVE TOUR 2025 ""THE REASON""",EXILE,high,EXILE,title,2026-06-25
vantelin_dome_nagoya:https://www.straykidsjapan.com/runitjapan/#d=2026-09-05#t=18:30,Stray Kids World Tour ＜RUN IT JAPAN＞,Stray Kids,high,Stray Kids,title,2026-07-04
vantelin_dome_nagoya:https://www.straykidsjapan.com/runitjapan/#d=2026-09-06#t=16:00,Stray Kids World Tour ＜RUN IT JAPAN＞,Stray Kids,high,Stray Kids,title,2026-07-04
vantelin_dome_nagoya:https://www.twicejapan.com/feature/dometour2025##d=2026-08-23#t=17:30,TWICE ＜THIS IS FOR＞ WORLD TOUR IN JAPAN,TWICE,high,TWICE,title,2026-06-25
vantelin_dome_nagoya:https://www.twicejapan.com/feature/dometour2025##d=2026-08-24#t=16:30,TWICE ＜THIS IS FOR＞ WORLD TOUR IN JAPAN,TWICE,high,TWICE,title,2026-06-25
vantelin_dome_nagoya:https://www.yoasobi-music.jp/live/54776#d=2026-11-07#t=18:00,YOASOBI ASIA 10-CITY DOME & STADIUM TOUR 2026-2027,YOASOBI,high,YOASOBI,title,2026-06-25
vantelin_dome_nagoya:https://www.yoasobi-music.jp/live/54776#d=2026-11-08#t=17:00,YOASOBI ASIA 10-CITY DOME & STADIUM TOUR 2026-2027,YOASOBI,high,YOASOBI,title,2026-06-25
yokohama_arena:/event/detail/feel-cycle-live-luster2026,FEEL CYCLE LIVE LUSTER2026,FEEL,high,FEEL,title,2026-07-01
yokohama_arena:/event/detail/idol-runway-collection-2026-autumnwinter-%E3%80%80agestock2026-%E6%A8%AA%E6%B5%9C%E3%82%A2%E3%83%AA%E3%83%BC%E3%83%8A,IDOL RUNWAY COLLECTION 2026 AUTUMN/WINTER 　AGESTOCK2026 in 横浜アリーナ,IDOL,high,IDOL,title,2026-07-16
yoyogi_gymnasium:https://www.jpnsport.go.jp/yoyogi/Default.aspx?TabId=59&eid=6030&etype=1,ケツメイシ 25th Anniversary TOUR　ケツメンCAMP 2026,ケツメイシ,high,ケツメイシ,title,2026-08-01
yoyogi_gymnasium:https://www.jpnsport.go.jp/yoyogi/Default.aspx?TabId=59&eid=6031&etype=1,ケツメイシ 25th Anniversary TOUR　ケツメンCAMP 2026,ケツメイシ,high,ケツメイシ,title,2026-08-01
yoyogi_gymnasium:https://www.jpnsport.go.jp/yoyogi/Default.aspx?TabId=59&eid=6032&etype=1,LANA LIVE TOUR 2026 “DIAMONDS IN THE SKY” FINAL,LANA,high,LANA,title,2026-08-01
yoyogi_gymnasium:https://www.jpnsport.go.jp/yoyogi/Default.aspx?TabId=59&eid=6033&etype=1,LANA LIVE TOUR 2026 “DIAMONDS IN THE SKY” FINAL,LANA,high,LANA,title,2026-08-01
yoyogi_gymnasium:https://www.jpnsport.go.jp/yoyogi/Default.aspx?TabId=59&eid=6036&etype=1,EBiDAN THE LIVE 2026 15th Anniversary,EBiDAN,high,EBiDAN,title,2026-08-01
yoyogi_gymnasium:https://www.jpnsport.go.jp/yoyogi/Default.aspx?TabId=59&eid=6037&etype=1,EBiDAN THE LIVE 2026 15th Anniversary,EBiDAN,high,EBiDAN,title,2026-08-01
yoyogi_gymnasium:https://www.jpnsport.go.jp/yoyogi/Default.aspx?TabId=59&eid=6038&etype=1,EBiDAN THE LIVE 2026 15th Anniversary,EBiDAN,high,EBiDAN,title,2026-08-01
yoyogi_gymnasium:https://www.jpnsport.go.jp/yoyogi/Default.aspx?TabId=59&eid=6039&etype=1,EBiDAN THE LIVE 2026 15th Anniversary,EBiDAN,high,EBiDAN,title,2026-08-01
yoyogi_gymnasium:https://www.jpnsport.go.jp/yoyogi/Default.aspx?TabId=59&eid=6049&etype=1,すとろべりーめもりー Vol.10th anniversary ～すとぷり ARENA TOUR～,すとぷり,high,すとぷり,title,2026-08-01
yoyogi_gymnasium:https://www.jpnsport.go.jp/yoyogi/Default.aspx?TabId=59&eid=6050&etype=1,すとろべりーめもりー Vol.10th anniversary ～すとぷり ARENA TOUR～,すとぷり,high,すとぷり,title,2026-08-01
yoyogi_gymnasium:https://www.jpnsport.go.jp/yoyogi/Default.aspx?TabId=59&eid=6051&etype=1,すとろべりーめもりー Vol.10th anniversary ～すとぷり ARENA TOUR～,すとぷり,high,すとぷり,title,2026-08-01
yoyogi_gymnasium:https://www.jpnsport.go.jp/yoyogi/Default.aspx?TabId=59&eid=6052&etype=1,LOVE IT！ROCK2026,LOVE,high,LOVE,title,2026-08-01
zepp_divercity:https://www.zepp.co.jp/hall/divercity/schedule/single/?rid=153000,ふみの初ワンマンライブツアー2026「僕のすべてを知ってるような君だから」,ふみの,high,ふみの,title,2026-08-07
zepp_divercity:https://www.zepp.co.jp/hall/divercity/schedule/single/?rid=155709,相川七瀬 30th AnniversaryROCK KINGDOM TOUR 2026,相川七瀬,high,相川七瀬,title,2026-06-25
zepp_divercity:https://www.zepp.co.jp/hall/divercity/schedule/single/?rid=155712,HIMEHINA World Tour 2026『LIFETIME is BUBBLIN』,ヒメヒナ,high,HIMEHINA,title,2026-06-25
zepp_divercity:https://www.zepp.co.jp/hall/divercity/schedule/single/?rid=156000,日食なつこ 未発表曲ツアー「エリア未来2 “ブラックホール”」,日食なつこ,high,日食なつこ,title,2026-06-25
zepp_divercity:https://www.zepp.co.jp/hall/divercity/schedule/single/?rid=156798,SOPHIA TOUR 2026 “We Believe ALIVE”,SOPHIA,high,SOPHIA,title,2026-06-25
zepp_divercity:https://www.zepp.co.jp/hall/divercity/schedule/single/?rid=156799,SOPHIA TOUR 2026 “そして僕らは老けて行く”,SOPHIA,high,SOPHIA,title,2026-06-25
zepp_divercity:https://www.zepp.co.jp/hall/divercity/schedule/single/?rid=156845,杉山清貴 SOLO DEBUT 40TH ANNIVERSARY TOUR,杉山清貴,high,杉山清貴,title,2026-06-25
zepp_divercity:https://www.zepp.co.jp/hall/divercity/schedule/single/?rid=156846,杉山清貴 SOLO DEBUT 40TH ANNIVERSARY TOUR,杉山清貴,high,杉山清貴,title,2026-06-25
zepp_divercity:https://www.zepp.co.jp/hall/divercity/schedule/single/?rid=156902,WATWING Zepp Live Tour「love」,WATWING,high,WATWING,title,2026-07-07
zepp_divercity:https://www.zepp.co.jp/hall/divercity/schedule/single/?rid=157826,"ASIAN KUNG-FU GENERATION Tour 2026 ""Midage Fanclub""",ASIAN KUNG-FU GENERATION,high,ASIAN KUNG-FU GENERATION,title,2026-06-25
zepp_divercity:https://www.zepp.co.jp/hall/divercity/schedule/single/?rid=157827,"ASIAN KUNG-FU GENERATION Tour 2026 ""Midage Fanclub""",ASIAN KUNG-FU GENERATION,high,ASIAN KUNG-FU GENERATION,title,2026-06-25
zepp_divercity:https://www.zepp.co.jp/hall/divercity/schedule/single/?rid=158104,Maki Tour 2026「四暗刻」,MAKI,high,MAKI,title,2026-06-25
zepp_divercity:https://www.zepp.co.jp/hall/divercity/schedule/single/?rid=158267,"G-FREAK FACTORY Path to 30th TOUR ""TOMOSHIBI"" -燈-",FREAK,high,FREAK,title,2026-06-25
zepp_divercity:https://www.zepp.co.jp/hall/divercity/schedule/single/?rid=158451,MONGOL800 -etc.works- TOUR 2026,MONGOL800,high,MONGOL800,title,2026-06-25
zepp_divercity:https://www.zepp.co.jp/hall/divercity/schedule/single/?rid=158483,StarLight PolaRis Summer Tour 2026 「StarLoading now…!!」,Polaris,high,Polaris,title,2026-06-25
zepp_divercity:https://www.zepp.co.jp/hall/divercity/schedule/single/?rid=158485,つばきファクトリー CONCERT TOUR 2026 AUTUMN ～Bloomy Groovy Story～,つばきファクトリー,high,つばきファクトリー,title,2026-08-10
zepp_divercity:https://www.zepp.co.jp/hall/divercity/schedule/single/?rid=158491,BEAST IN BLACKDIVE TO DAIVA 2026東京狂宴～Tokyo Crazy Party～,BEAST,high,BEAST,title,2026-06-25
zepp_divercity:https://www.zepp.co.jp/hall/divercity/schedule/single/?rid=158492,BEAST IN BLACKDIVE TO DAIVA 2026東京狂宴～Tokyo Crazy Party～,BEAST,high,BEAST,title,2026-06-25
zepp_divercity:https://www.zepp.co.jp/hall/divercity/schedule/single/?rid=158493,"BONNIE PINK 30th Anniversary LIVE ""Groove Kitchen""",BONNIE PINK,high,BONNIE PINK,title,2026-07-10
zepp_divercity:https://www.zepp.co.jp/hall/divercity/schedule/single/?rid=158975,jo0ji one-man tour 2026 「いかり」,Jo0ji,high,Jo0ji,title,2026-06-25
zepp_divercity:https://www.zepp.co.jp/hall/divercity/schedule/single/?rid=158986,Plastic Tree Phylogenetic Tree Tour Act.4 -a piece of “インク”-,Plastic Tree,high,Plastic Tree,title,2026-06-25
zepp_divercity:https://www.zepp.co.jp/hall/divercity/schedule/single/?rid=159051,筋肉少女帯ツアー2026｢奇談師｣ ｢キラキラと輝くもの｣制作30周年記念完全再現ライブ+Ω,筋肉少女帯,high,筋肉少女帯,title,2026-07-13
zepp_divercity:https://www.zepp.co.jp/hall/divercity/schedule/single/?rid=159328,"【公演中止】岡崎体育 10th Anniversary Tour ""Zepp10連単総流し""",岡崎体育,high,岡崎体育,title,2026-06-25
zepp_divercity:https://www.zepp.co.jp/hall/divercity/schedule/single/?rid=159420,"【1部】MIYAVI Official Fan Club ""Under The Same Sky"" presents MIYAVI Special Birthday Event 2026 ※FC限定イベント 【2部】MIYAVI Special Birthday Live 2026",MIYAVI,high,MIYAVI,title,2026-07-10
zepp_divercity:https://www.zepp.co.jp/hall/divercity/schedule/single/?rid=159642,BRANDY SENKI TOUR 2026,ブランデー戦記,high,Brandy Senki,title,2026-06-25
zepp_divercity:https://www.zepp.co.jp/hall/divercity/schedule/single/?rid=159786,EBiDAN NEXT 「星男祭2026」,EBiDAN,high,EBiDAN,title,2026-06-25
zepp_divercity:https://www.zepp.co.jp/hall/divercity/schedule/single/?rid=159823,wave to earth - the pieces tour,Wave to Earth,high,Wave to Earth,title,2026-06-25
zepp_divercity:https://www.zepp.co.jp/hall/divercity/schedule/single/?rid=160051,MONKEY MAJIK 20th Major Anniversary Tour 〜Thank You〜,MONKEY MAJIK,high,MONKEY MAJIK,title,2026-08-01
zepp_divercity:https://www.zepp.co.jp/hall/divercity/schedule/single/?rid=160146,Laughing Hick ONEMAN TOUR 2026 “DIAMOND LILY”,DIA（音楽グループ）,high,DIAMOND,title,2026-08-07
zepp_divercity:https://www.zepp.co.jp/hall/divercity/schedule/single/?rid=160405,VOKSY DAYS LIVE TOUR 2026『Bitter Flame』,VOKSY DAYS,high,VOKSY DAYS,title,2026-08-07
zepp_divercity:https://www.zepp.co.jp/hall/divercity/schedule/single/?rid=160518,月詠み 東名阪ツアー「Life of Lies」2026,月詠み,high,月詠み,title,2026-08-07
zepp_divercity:https://www.zepp.co.jp/hall/divercity/schedule/single/?rid=160633,THE PREDATORS TOUR 2026 Rock’n’Roll Undercover,THE PREDATORS,high,THE PREDATORS,title,2026-07-01
zepp_divercity:https://www.zepp.co.jp/hall/divercity/schedule/single/?rid=160883,"有安杏果 LIVE 2026 ""雫ノ音""",有安杏果,high,有安杏果,title,2026-07-19
zepp_divercity:https://www.zepp.co.jp/hall/divercity/schedule/single/?rid=161764,「From AG! with Love 〜ライブハウスより愛を込めて〜」,LOVE,high,LOVE,title,2026-07-10
zepp_divercity:https://www.zepp.co.jp/hall/divercity/schedule/single/?rid=161798,陰陽座ツアー2026『流転の現に夢喰らう也』,陰陽座,high,陰陽座,title,2026-06-25
zepp_divercity:https://www.zepp.co.jp/hall/divercity/schedule/single/?rid=161845,Sweet Alley LIVE HOUSE ONEMAN LIVE,Sweet Alley,high,Sweet Alley,title,2026-07-19
zepp_divercity:https://www.zepp.co.jp/hall/divercity/schedule/single/?rid=162111,This is PEDRO TOUR final 「ROMANTIC PLANET」,PEDRO,high,PEDRO,title,2026-07-13
zepp_divercity:https://www.zepp.co.jp/hall/divercity/schedule/single/?rid=162224,AsIs 2nd TOUR 2026〜ただ君が好き〜,AsIs,high,AsIs,title,2026-06-25
zepp_divercity:https://www.zepp.co.jp/hall/divercity/schedule/single/?rid=162284,CYNHN Zepp DiverCityワンマンライブ2026,CYNHN,high,CYNHN,title,2026-08-07
zepp_divercity:https://www.zepp.co.jp/hall/divercity/schedule/single/?rid=162388,syrup16g Tour 2026 “Canon Feel”,Syrup 16g,medium,Syrup 16g,title,2026-08-10
zepp_divercity:https://www.zepp.co.jp/hall/divercity/schedule/single/?rid=162389,虹のコンキスタドール ONE-MAN LIVE「タイトル未定」,虹のコンキスタドール,high,虹のコンキスタドール,title,2026-07-28
zepp_divercity:https://www.zepp.co.jp/hall/divercity/schedule/single/?rid=162892,きいやま商店ツアー 〜かりゆし50祭〜,きいやま商店,high,きいやま商店,title,2026-07-01
zepp_divercity:https://www.zepp.co.jp/hall/divercity/schedule/single/?rid=163747,SAYAKA YAMAMOTO NARRATIVE RELEASE TOUR,神田沙也加,medium,SAYAKA,title,2026-08-07
zepp_divercity:https://www.zepp.co.jp/hall/divercity/schedule/single/?rid=165131,渋谷すばる 30th Anniversary Asia Tour 2026,渋谷すばる,high,渋谷すばる,title,2026-07-13
zepp_divercity:https://www.zepp.co.jp/hall/divercity/schedule/single/?rid=167848,ロージークロニクル ライブツアー2026 〜BOOKMARK〜,ロージークロニクル,high,ロージークロニクル,title,2026-07-25
zepp_haneda:https://www.zepp.co.jp/hall/haneda/schedule/single/?rid=155437,SKE48 SUMMER Tour 2026 〜じゅーしーすぷらっしゅ だぜ！,SKE48,high,SKE48,title,2026-06-25
zepp_haneda:https://www.zepp.co.jp/hall/haneda/schedule/single/?rid=156145,アルルカン LIVE TOUR 2026「imagine」,アルルカン,high,アルルカン,title,2026-06-25
zepp_haneda:https://www.zepp.co.jp/hall/haneda/schedule/single/?rid=156416,n.SSign 3rd ANNIVERSARY FANMEETING 『n.CAMP with COSMO』,N.SSign,high,N.SSign,title,2026-07-10
zepp_haneda:https://www.zepp.co.jp/hall/haneda/schedule/single/?rid=156937,女王蜂 単独公演「蜂月蜂日～サスペンス～」,女王蜂,high,女王蜂,title,2026-06-25
zepp_haneda:https://www.zepp.co.jp/hall/haneda/schedule/single/?rid=156987,ねぐせ。ワンマンツアー2026 「君を強く抱きしめたいんだ！」,ねぐせ。,high,ねぐせ。,title,2026-07-07
zepp_haneda:https://www.zepp.co.jp/hall/haneda/schedule/single/?rid=156988,ねぐせ。ワンマンツアー2026 「君を強く抱きしめたいんだ！」,ねぐせ。,high,ねぐせ。,title,2026-07-07
zepp_haneda:https://www.zepp.co.jp/hall/haneda/schedule/single/?rid=157018,TMG LIVE 2026 “SAYONARA”,TMG,high,TMG,title,2026-06-25
zepp_haneda:https://www.zepp.co.jp/hall/haneda/schedule/single/?rid=157019,TMG LIVE 2026 “SAYONARA”,TMG,high,TMG,title,2026-06-25
zepp_haneda:https://www.zepp.co.jp/hall/haneda/schedule/single/?rid=157223,ファントムシータ Zepp TOUR 2026 「ふぁんとむ♥らんど」,ファントムシータ,high,ファントムシータ,title,2026-06-25
zepp_haneda:https://www.zepp.co.jp/hall/haneda/schedule/single/?rid=157243,ポルカドットスティングレイ ポルフェス122 #教祖爆誕 ワンマン,ポルカドットスティングレイ,high,ポルカドットスティングレイ,title,2026-07-01
zepp_haneda:https://www.zepp.co.jp/hall/haneda/schedule/single/?rid=157245,CiON BAND TOUR 2026 A/W “BRASS ON”,CiON,high,CiON,title,2026-08-01
zepp_haneda:https://www.zepp.co.jp/hall/haneda/schedule/single/?rid=157341,"岡崎体育 10th Anniversary Tour ""Zepp10連単総流し"" 「羽田ハイジャンプ」",岡崎体育,high,岡崎体育,title,2026-06-25
zepp_haneda:https://www.zepp.co.jp/hall/haneda/schedule/single/?rid=157342,甲斐よしひろ ホームカミングツアー2026,甲斐よしひろ,high,甲斐よしひろ,title,2026-06-25
zepp_haneda:https://www.zepp.co.jp/hall/haneda/schedule/single/?rid=157613,"神はサイコロを振らない Zepp Tour 2026 ""View From The Soyuz""",神はサイコロを振らない,high,神はサイコロを振らない,title,2026-07-07
zepp_haneda:https://www.zepp.co.jp/hall/haneda/schedule/single/?rid=157624,東京スカパラダイスオーケストラライブハウスTOUR 「VerSus Carnival」,東京スカパラダイスオーケストラ,high,東京スカパラダイスオーケストラ,title,2026-06-25
zepp_haneda:https://www.zepp.co.jp/hall/haneda/schedule/single/?rid=157625,東京スカパラダイスオーケストラライブハウスTOUR 「VerSus Carnival」,東京スカパラダイスオーケストラ,high,東京スカパラダイスオーケストラ,title,2026-06-25
zepp_haneda:https://www.zepp.co.jp/hall/haneda/schedule/single/?rid=157763,「渋⾕すばる FAN MEETING 2026」,渋谷すばる,high,渋谷すばる,title,2026-07-25
zepp_haneda:https://www.zepp.co.jp/hall/haneda/schedule/single/?rid=157764,「渋⾕すばる FAN MEETING 2026」,渋谷すばる,high,渋谷すばる,title,2026-07-25
zepp_haneda:https://www.zepp.co.jp/hall/haneda/schedule/single/?rid=157887,"""GRe4N BOYZ イマーシブライブシアター2026「“The ZA” 〜溢れる想いが止まらない〜」""",GRe4N BOYZ,high,GRe4N BOYZ,title,2026-06-25
zepp_haneda:https://www.zepp.co.jp/hall/haneda/schedule/single/?rid=158297,街を嚥む、今宵の⽉ - HARVEST SPECIAL LIVE NIGHT WITH toe -,toe,high,toe,title,2026-06-25
zepp_haneda:https://www.zepp.co.jp/hall/haneda/schedule/single/?rid=158389,"ヤバイTシャツ屋さん ""Magical Tank-top Parade"" ONE-MAN TOUR 2026",ヤバイTシャツ屋さん,high,ヤバイTシャツ屋さん,title,2026-06-25
zepp_haneda:https://www.zepp.co.jp/hall/haneda/schedule/single/?rid=158390,"ヤバイTシャツ屋さん ""Magical Tank-top Parade"" ONE-MAN TOUR 2026",ヤバイTシャツ屋さん,high,ヤバイTシャツ屋さん,title,2026-06-25
zepp_haneda:https://www.zepp.co.jp/hall/haneda/schedule/single/?rid=158427,go!go!vanillas presents「ぼくらのタイマン上等ツアー」,go!go!vanillas,high,go!go!vanillas,title,2026-07-01
zepp_haneda:https://www.zepp.co.jp/hall/haneda/schedule/single/?rid=158433,go!go!vanillas presents「ぼくらのタイマン上等ツアー」,go!go!vanillas,high,go!go!vanillas,title,2026-07-01
zepp_haneda:https://www.zepp.co.jp/hall/haneda/schedule/single/?rid=158545,THE YELLOW MONKEY TOUR 2026 THE COUNTDOWN〜60分1本勝負〜,THE YELLOW MONKEY,high,THE YELLOW MONKEY,title,2026-06-25
zepp_haneda:https://www.zepp.co.jp/hall/haneda/schedule/single/?rid=158570,メガテラ・ゼロ ワンマンライブ 〜懐かしいを攻める 新しいのもやるよ〜,メガテラ・ゼロ,high,メガテラ・ゼロ,title,2026-06-25
zepp_haneda:https://www.zepp.co.jp/hall/haneda/schedule/single/?rid=158625,"plenty re:birthツアー2026 ""いま終わりの先へ""",りの,high,りの,title,2026-07-10
zepp_haneda:https://www.zepp.co.jp/hall/haneda/schedule/single/?rid=158626,"ヤバイTシャツ屋さん ""Magical Tank-top Parade"" ONE-MAN TOUR 2026",ヤバイTシャツ屋さん,high,ヤバイTシャツ屋さん,title,2026-06-25
zepp_haneda:https://www.zepp.co.jp/hall/haneda/schedule/single/?rid=158627,"ヤバイTシャツ屋さん ""Magical Tank-top Parade"" ONE-MAN TOUR 2026",ヤバイTシャツ屋さん,high,ヤバイTシャツ屋さん,title,2026-06-25
zepp_haneda:https://www.zepp.co.jp/hall/haneda/schedule/single/?rid=158751,YOU ARE WELCOME TOUR,YOU,high,YOU,title,2026-06-25
zepp_haneda:https://www.zepp.co.jp/hall/haneda/schedule/single/?rid=158752,dual twin live tour双海 亜美・双海 真美 twin live “ ふたごぼしのつばさ ”,亜美,high,亜美,title,2026-06-25
zepp_haneda:https://www.zepp.co.jp/hall/haneda/schedule/single/?rid=158753,ExWHYZ LAST LIVE ‘光’,ExWHYZ,high,ExWHYZ,title,2026-06-25
zepp_haneda:https://www.zepp.co.jp/hall/haneda/schedule/single/?rid=159049,女王蜂 全国ツアー2026「星」,女王蜂,high,女王蜂,title,2026-07-19
zepp_haneda:https://www.zepp.co.jp/hall/haneda/schedule/single/?rid=159129,"ヤバイTシャツ屋さん ""Magical Tank-top Parade"" ONE-MAN TOUR 2026",ヤバイTシャツ屋さん,high,ヤバイTシャツ屋さん,title,2026-06-25
zepp_haneda:https://www.zepp.co.jp/hall/haneda/schedule/single/?rid=159130,"ヤバイTシャツ屋さん ""Magical Tank-top Parade"" ONE-MAN TOUR 2026",ヤバイTシャツ屋さん,high,ヤバイTシャツ屋さん,title,2026-06-25
zepp_haneda:https://www.zepp.co.jp/hall/haneda/schedule/single/?rid=159492,"Hump Back pre. ""HELLO ANEW TOUR""2026-2027",Hump Back,high,Hump Back,title,2026-06-25
zepp_haneda:https://www.zepp.co.jp/hall/haneda/schedule/single/?rid=159515,"10-FEET ""壊れて消えるまで"" ONE-MAN TOUR 2026",10-FEET,high,10-FEET,title,2026-06-25
zepp_haneda:https://www.zepp.co.jp/hall/haneda/schedule/single/?rid=159538,7ORDER THE LIVE 2026,7ORDER,high,7ORDER,title,2026-07-07
zepp_haneda:https://www.zepp.co.jp/hall/haneda/schedule/single/?rid=159541,04 Limited Sazabys ONE MAN TOUR 2026,04 Limited Sazabys,high,04 Limited Sazabys,title,2026-06-25
zepp_haneda:https://www.zepp.co.jp/hall/haneda/schedule/single/?rid=159542,04 Limited Sazabys ONE MAN TOUR 2026,04 Limited Sazabys,high,04 Limited Sazabys,title,2026-06-25
zepp_haneda:https://www.zepp.co.jp/hall/haneda/schedule/single/?rid=159752,Galileo Galilei “Rise of The Man” Tour 2026,Galileo Galilei,high,Galileo Galilei,title,2026-06-25
zepp_haneda:https://www.zepp.co.jp/hall/haneda/schedule/single/?rid=159882,CHICO CARLITO ONEMAN SHOW ”Red and Blue”,CHICO CARLITO,high,CHICO CARLITO,title,2026-08-04
zepp_haneda:https://www.zepp.co.jp/hall/haneda/schedule/single/?rid=160147,凛として時雨 TOUR 2026 DREAM KILLER,凛として時雨,high,凛として時雨,title,2026-06-25
zepp_haneda:https://www.zepp.co.jp/hall/haneda/schedule/single/?rid=162189,宮川大聖 LIVE TOUR 2026-2027「BLUE FIRE」,Blue,high,Blue,title,2026-07-19
zepp_haneda:https://www.zepp.co.jp/hall/haneda/schedule/single/?rid=162192,AKASAKI 1st World Tour “ONIGIRI”,AKASAKI,high,AKASAKI,title,2026-07-25
zepp_haneda:https://www.zepp.co.jp/hall/haneda/schedule/single/?rid=162214,超能力戦士ドリアン ワンマンライブツアー ドキドキ異世界ファンタジー,超能力戦士ドリアン,high,超能力戦士ドリアン,title,2026-08-10
zepp_haneda:https://www.zepp.co.jp/hall/haneda/schedule/single/?rid=162398,Rockon Social Club Tour 2026 The Warriors,Rockon Social Club,high,Rockon Social Club,title,2026-06-25
zepp_haneda:https://www.zepp.co.jp/hall/haneda/schedule/single/?rid=162399,Rockon Social Club Tour 2026 The Warriors,Rockon Social Club,high,Rockon Social Club,title,2026-06-25
zepp_haneda:https://www.zepp.co.jp/hall/haneda/schedule/single/?rid=162654,日向坂46三期生 LIVE,日向坂46,high,日向坂46,title,2026-06-25
zepp_haneda:https://www.zepp.co.jp/hall/haneda/schedule/single/?rid=162655,日向坂46三期生 LIVE,日向坂46,high,日向坂46,title,2026-08-04
zepp_haneda:https://www.zepp.co.jp/hall/haneda/schedule/single/?rid=165760,日向坂46三期生 LIVE,日向坂46,high,日向坂46,title,2026-08-04
zepp_haneda:https://www.zepp.co.jp/hall/haneda/schedule/single/?rid=166149,You’ll see Queens of the Stone Age World Tour,YOU,high,YOU,title,2026-07-16
zepp_namba:https://www.zepp.co.jp/hall/namba/schedule/single/?rid=155445,相川七瀬 30th Anniversary ROCK KINGDOM TOUR 2026,相川七瀬,high,相川七瀬,title,2026-07-19
zepp_namba:https://www.zepp.co.jp/hall/namba/schedule/single/?rid=155459,2026 BoA THE LIVE,BoA,high,BoA,title,2026-07-04
zepp_namba:https://www.zepp.co.jp/hall/namba/schedule/single/?rid=158148,街を嚥む、今宵の月 - HARVEST SPECIAL LIVE NIGHT WITH toe -,toe,high,toe,title,2026-06-25
zepp_namba:https://www.zepp.co.jp/hall/namba/schedule/single/?rid=158166,2026ツアー「ROUND 4」 出演者：ABEDON AND THE RINGSIDE（ABEDON、⼋熊慎⼀、奥⽥⺠⽣、⽊内健、奥野真哉）,ABEDON AND THE RINGSIDE,high,ABEDON AND THE RINGSIDE,title,2026-06-25
zepp_namba:https://www.zepp.co.jp/hall/namba/schedule/single/?rid=159329,"岡崎体育 10th Anniversary Tour ""Zepp10連単総流し"" KBSサマーダッシュ",岡崎体育,high,岡崎体育,title,2026-06-25
zepp_namba:https://www.zepp.co.jp/hall/namba/schedule/single/?rid=159684,"WHITE JAM Zepp Tour 2026 ""磁石""〜 初のゼップツアー・5大都市 〜",WHITE JAM,high,WHITE JAM,title,2026-06-25
zepp_namba:https://www.zepp.co.jp/hall/namba/schedule/single/?rid=160642,soft world tour,SALTNPAPER,high,SOFT,title,2026-06-25
zepp_namba:https://www.zepp.co.jp/hall/namba/schedule/single/?rid=160647,soft world tour,SALTNPAPER,high,SOFT,title,2026-06-25
zepp_namba:https://www.zepp.co.jp/hall/namba/schedule/single/?rid=161186,"AKASAKI 1st World Tour ""ONIGIRI""",AKASAKI,high,AKASAKI,title,2026-07-31
zepp_namba:https://www.zepp.co.jp/hall/namba/schedule/single/?rid=161439,W. ダブルヴィー 8th Anniversary One-Man Live まだ知らない君に、夏がはじまる,W.ダブルヴィー,medium,W.ダブルヴィー,title,2026-07-19
zepp_namba:https://www.zepp.co.jp/hall/namba/schedule/single/?rid=162090,SODA POP FESTIVAL TOUR 2026 summer,Soda,high,Soda,title,2026-06-25
zepp_namba:https://www.zepp.co.jp/hall/namba/schedule/single/?rid=163104,陰陽座ツアー2026『流転の現に夢喰らう也』,陰陽座,high,陰陽座,title,2026-06-25
zepp_namba:https://www.zepp.co.jp/hall/namba/schedule/single/?rid=163249,You’ll see Queens of the Stone Age World Tour,YOU,high,YOU,title,2026-07-19
zepp_namba:https://www.zepp.co.jp/hall/namba/schedule/single/?rid=166532,LOUIS TOMLINSON - HOW DID WE GET HERE? WORLD TOUR 2026 JAPAN,Im Sanghun,high,Louis,title,2026-07-19
zepp_osaka_bayside:https://www.zepp.co.jp/hall/osakabayside/schedule/single/?rid=152927,リアフェスin全Zepp,リア,high,リア,title,2026-06-25
zepp_osaka_bayside:https://www.zepp.co.jp/hall/osakabayside/schedule/single/?rid=155732,GRe4N BOYZ イマーシブライブシアター2026 「“The ZA” 〜溢れる想いが止まらない〜」,GRe4N BOYZ,high,GRe4N BOYZ,title,2026-06-25
zepp_osaka_bayside:https://www.zepp.co.jp/hall/osakabayside/schedule/single/?rid=155838,SHUN OGURI JAPAN TOUR 2026 ～2ヶ所でツアーって言っちゃいけないの？～,清木場俊介,high,Shun,title,2026-08-01
zepp_osaka_bayside:https://www.zepp.co.jp/hall/osakabayside/schedule/single/?rid=156564,TMG LIVE 2026 “SAYONARA”,TMG,high,TMG,title,2026-06-25
zepp_osaka_bayside:https://www.zepp.co.jp/hall/osakabayside/schedule/single/?rid=156565,TMG LIVE 2026 “SAYONARA”,TMG,high,TMG,title,2026-06-25
zepp_osaka_bayside:https://www.zepp.co.jp/hall/osakabayside/schedule/single/?rid=156574,hide with Spread Beaver Zepp Tour 2026 “REPSYCLE THE REPSYCLED”,Hide,high,Hide,title,2026-06-25
zepp_osaka_bayside:https://www.zepp.co.jp/hall/osakabayside/schedule/single/?rid=156665,My Hair is Bad presents「ノーブルホームランツアー」,My Hair is Bad,high,My Hair is Bad,title,2026-06-25
zepp_osaka_bayside:https://www.zepp.co.jp/hall/osakabayside/schedule/single/?rid=156666,My Hair is Bad presents「ノーブルホームランツアー」,My Hair is Bad,high,My Hair is Bad,title,2026-06-25
zepp_osaka_bayside:https://www.zepp.co.jp/hall/osakabayside/schedule/single/?rid=156940,SOPHIA TOUR 2026 “We Believe ALIVE”,SOPHIA,high,SOPHIA,title,2026-06-25
zepp_osaka_bayside:https://www.zepp.co.jp/hall/osakabayside/schedule/single/?rid=156941,SOPHIA TOUR 2026“そして僕らは老けて行く”,SOPHIA,high,SOPHIA,title,2026-06-25
zepp_osaka_bayside:https://www.zepp.co.jp/hall/osakabayside/schedule/single/?rid=156981,ねぐせ。秋冬ワンマンツアー2026「君を強く抱きしめたいんだ！」,ねぐせ。,high,ねぐせ。,title,2026-07-07
zepp_osaka_bayside:https://www.zepp.co.jp/hall/osakabayside/schedule/single/?rid=157546,"Kroi Live Tour 2026 ""JUNGLE""-Dig the Deep Vol.5-",Kroi,high,Kroi,title,2026-06-28
zepp_osaka_bayside:https://www.zepp.co.jp/hall/osakabayside/schedule/single/?rid=157547,"Kroi Live Tour 2026 ""JUNGLE""",Kroi,high,Kroi,title,2026-06-25
zepp_osaka_bayside:https://www.zepp.co.jp/hall/osakabayside/schedule/single/?rid=157612,"Zepp Tour 2026 ""View From The Soyuz""",FIELD OF VIEW,high,view,title,2026-07-04
zepp_osaka_bayside:https://www.zepp.co.jp/hall/osakabayside/schedule/single/?rid=157833,"ASIAN KUNG-FU GENERATION Tour 2026 ""Midage Fanclub""",ASIAN KUNG-FU GENERATION,high,ASIAN KUNG-FU GENERATION,title,2026-06-25
zepp_osaka_bayside:https://www.zepp.co.jp/hall/osakabayside/schedule/single/?rid=157834,"ASIAN KUNG-FU GENERATION Tour 2026 ""Midage Fanclub""",ASIAN KUNG-FU GENERATION,high,ASIAN KUNG-FU GENERATION,title,2026-06-25
zepp_osaka_bayside:https://www.zepp.co.jp/hall/osakabayside/schedule/single/?rid=158442,go!go!vanillas presents「ぼくらのタイマン上等ツアー」※ワンマン,go!go!vanillas,high,go!go!vanillas,title,2026-07-31
zepp_osaka_bayside:https://www.zepp.co.jp/hall/osakabayside/schedule/single/?rid=158443,go!go!vanillas presents「ぼくらのタイマン上等ツアー」w / [Alexandros],go!go!vanillas,high,go!go!vanillas,title,2026-07-31
zepp_osaka_bayside:https://www.zepp.co.jp/hall/osakabayside/schedule/single/?rid=158547,THE YELLOW MONKEY TOUR 2026 THE COUNTDOWN〜60分1本勝負〜,THE YELLOW MONKEY,high,THE YELLOW MONKEY,title,2026-06-25
zepp_osaka_bayside:https://www.zepp.co.jp/hall/osakabayside/schedule/single/?rid=158559,"Hump Back pre. ""HELLO ANEW TOUR""2026-2027",Hump Back,high,Hump Back,title,2026-06-25
zepp_osaka_bayside:https://www.zepp.co.jp/hall/osakabayside/schedule/single/?rid=158991,女王蜂 全国ツアー2026「星」,女王蜂,high,女王蜂,title,2026-07-19
zepp_osaka_bayside:https://www.zepp.co.jp/hall/osakabayside/schedule/single/?rid=159100,04 Limited Sazabys ONE MAN TOUR 2026,04 Limited Sazabys,high,04 Limited Sazabys,title,2026-06-25
zepp_osaka_bayside:https://www.zepp.co.jp/hall/osakabayside/schedule/single/?rid=159377,"ヤバイTシャツ屋さん ""Magical Tank-top Parade"" ONE-MAN TOUR 2026",ヤバイTシャツ屋さん,high,ヤバイTシャツ屋さん,title,2026-06-25
zepp_osaka_bayside:https://www.zepp.co.jp/hall/osakabayside/schedule/single/?rid=159640,BRANDY SENKI TOUR 2026(仮),ブランデー戦記,high,Brandy Senki,title,2026-06-25
zepp_osaka_bayside:https://www.zepp.co.jp/hall/osakabayside/schedule/single/?rid=160318,StarLight PolaRis Summer Tour 2026 「StarLoading now…!!」,Polaris,high,Polaris,title,2026-06-25
zepp_osaka_bayside:https://www.zepp.co.jp/hall/osakabayside/schedule/single/?rid=160326,sumika Live Tour 2026 『Flügel Letter』,sumika,high,sumika,title,2026-06-25
zepp_osaka_bayside:https://www.zepp.co.jp/hall/osakabayside/schedule/single/?rid=160328,sumika Live Tour 2026 『Flügel Letter』,sumika,high,sumika,title,2026-06-25
zepp_osaka_bayside:https://www.zepp.co.jp/hall/osakabayside/schedule/single/?rid=160329,sumika Live Tour 2026 『Flügel Letter』,sumika,high,sumika,title,2026-06-25
zepp_osaka_bayside:https://www.zepp.co.jp/hall/osakabayside/schedule/single/?rid=160531,SUPER★DRAGON DRA FES 2026,SUPER★DRAGON,high,SUPER★DRAGON,title,2026-06-25
zepp_osaka_bayside:https://www.zepp.co.jp/hall/osakabayside/schedule/single/?rid=160545,「NEW ERA」～MIKADO FIRST ZEPP ONEMAN LIVE～,New,high,New,title,2026-06-25
zepp_osaka_bayside:https://www.zepp.co.jp/hall/osakabayside/schedule/single/?rid=161008,ROCK FOR YOU LIVE TOUR,YOU,high,YOU,title,2026-07-22
zepp_osaka_bayside:https://www.zepp.co.jp/hall/osakabayside/schedule/single/?rid=161009,ROCK FOR YOU LIVE TOUR,YOU,high,YOU,title,2026-07-22
zepp_osaka_bayside:https://www.zepp.co.jp/hall/osakabayside/schedule/single/?rid=162653,ゲスの極み乙女 TOUR 2026「おかしなダンス」,ゲスの極み乙女,high,ゲスの極み乙女,title,2026-06-25
zepp_osaka_bayside:https://www.zepp.co.jp/hall/osakabayside/schedule/single/?rid=162670,日向坂46 三期生LIVE,日向坂46,high,日向坂46,title,2026-06-25
zepp_osaka_bayside:https://www.zepp.co.jp/hall/osakabayside/schedule/single/?rid=162761,エヴァネッセンス待望のヘッドラインツアーが決定！,水樹奈々,high,ヘッド,title,2026-06-25
zepp_osaka_bayside:https://www.zepp.co.jp/hall/osakabayside/schedule/single/?rid=162901,菅叶和 NEW BORN LIVE,New,high,New,title,2026-07-07
zepp_osaka_bayside:https://www.zepp.co.jp/hall/osakabayside/schedule/single/?rid=163968,Age Factory x ENTH x Paledusk presents「GOBLIN」TOUR 2026,Paledusk,high,Paledusk,title,2026-06-25
zepp_osaka_bayside:https://www.zepp.co.jp/hall/osakabayside/schedule/single/?rid=164388,凛として時雨 TOUR 2026 DREAM KILLER,凛として時雨,high,凛として時雨,title,2026-06-25
zepp_osaka_bayside:https://www.zepp.co.jp/hall/osakabayside/schedule/single/?rid=165759,日向坂46 三期生LIVE,日向坂46,high,日向坂46,title,2026-06-28
zepp_osaka_bayside:https://www.zepp.co.jp/hall/osakabayside/schedule/single/?rid=166546,MATSURI 2nd コンサートツアー,MATSURI,high,MATSURI,title,2026-06-25
zepp_osaka_bayside:https://www.zepp.co.jp/hall/osakabayside/schedule/single/?rid=167880,ファントムシータ Zepp TOUR 2026 「ふぁんとむ♥らんど りたーんず♥」,ファントムシータ,high,ファントムシータ,title,2026-08-04
zepp_sapporo:https://www.zepp.co.jp/hall/sapporo/schedule/single/?rid=155370,SOPHIA TOUR 2026 “We Believe ALIVE”,SOPHIA,high,SOPHIA,title,2026-06-25
zepp_sapporo:https://www.zepp.co.jp/hall/sapporo/schedule/single/?rid=155442,相川七瀬 30th AnniversaryROCK KINGDOM TOUR 2026,相川七瀬,high,相川七瀬,title,2026-06-25
zepp_sapporo:https://www.zepp.co.jp/hall/sapporo/schedule/single/?rid=156592,TMG LIVE 2026 “SAYONARA”,TMG,high,TMG,title,2026-06-25
zepp_sapporo:https://www.zepp.co.jp/hall/sapporo/schedule/single/?rid=156640,"岡崎体育 10th Anniversary Tour ""Zepp10連単総流し"" ＜ウエスチャンピオンシップ＞",岡崎体育,high,岡崎体育,title,2026-06-25
zepp_sapporo:https://www.zepp.co.jp/hall/sapporo/schedule/single/?rid=156656,杉山清貴 SOLO DEBUT 40TH ANNIVERSARY TOUR,杉山清貴,high,杉山清貴,title,2026-06-25
zepp_sapporo:https://www.zepp.co.jp/hall/sapporo/schedule/single/?rid=156657,04 Limited Sazabys ONE MAN TOUR 2026,04 Limited Sazabys,high,04 Limited Sazabys,title,2026-06-25
zepp_sapporo:https://www.zepp.co.jp/hall/sapporo/schedule/single/?rid=156821,WATWING Zepp Live Tour「love」,WATWING,high,WATWING,title,2026-06-25
zepp_sapporo:https://www.zepp.co.jp/hall/sapporo/schedule/single/?rid=156822,"Hump Back pre. ""HELLO ANEW TOUR""2026-2027",Hump Back,high,Hump Back,title,2026-06-25
zepp_sapporo:https://www.zepp.co.jp/hall/sapporo/schedule/single/?rid=157548,"Kroi Live Tour 2026 ""JUNGLE""",Kroi,high,Kroi,title,2026-06-25
zepp_sapporo:https://www.zepp.co.jp/hall/sapporo/schedule/single/?rid=157601,"Zepp Tour 2026 ""View From The Soyuz""",FIELD OF VIEW,high,view,title,2026-07-04
zepp_sapporo:https://www.zepp.co.jp/hall/sapporo/schedule/single/?rid=157824,go!go!vanillas presents「ぼくらのタイマン上等ツアー」,go!go!vanillas,high,go!go!vanillas,title,2026-06-25
zepp_sapporo:https://www.zepp.co.jp/hall/sapporo/schedule/single/?rid=157825,go!go!vanillas presents「ぼくらのタイマン上等ツアー」,go!go!vanillas,high,go!go!vanillas,title,2026-06-25
zepp_sapporo:https://www.zepp.co.jp/hall/sapporo/schedule/single/?rid=157850,"ASIAN KUNG-FU GENERATION Tour 2026 ""Midage Fanclub""",ASIAN KUNG-FU GENERATION,high,ASIAN KUNG-FU GENERATION,title,2026-06-25
zepp_sapporo:https://www.zepp.co.jp/hall/sapporo/schedule/single/?rid=157851,"ASIAN KUNG-FU GENERATION Tour 2026 ""Midage Fanclub""",ASIAN KUNG-FU GENERATION,high,ASIAN KUNG-FU GENERATION,title,2026-06-25
zepp_sapporo:https://www.zepp.co.jp/hall/sapporo/schedule/single/?rid=157888,GRe4N BOYZ イマーシブライブシアター2026「“The ZA” 〜溢れる想いが止まらない〜」,GRe4N BOYZ,high,GRe4N BOYZ,title,2026-06-25
zepp_sapporo:https://www.zepp.co.jp/hall/sapporo/schedule/single/?rid=158275,THE YELLOW MONKEY TOUR 2026 THE COUNTDOWN〜60分1本勝負〜,THE YELLOW MONKEY,high,THE YELLOW MONKEY,title,2026-08-07
zepp_sapporo:https://www.zepp.co.jp/hall/sapporo/schedule/single/?rid=158384,杉山清貴 SOLO DEBUT 40TH ANNIVERSARY TOUR,杉山清貴,high,杉山清貴,title,2026-06-25
zepp_sapporo:https://www.zepp.co.jp/hall/sapporo/schedule/single/?rid=158385,sumika Live Tour 2026 『Flügel Letter』,sumika,high,sumika,title,2026-06-25
zepp_sapporo:https://www.zepp.co.jp/hall/sapporo/schedule/single/?rid=158386,sumika Live Tour 2026 『Flügel Letter』,sumika,high,sumika,title,2026-06-25
zepp_sapporo:https://www.zepp.co.jp/hall/sapporo/schedule/single/?rid=158970,jo0ji one-man tour 2026 「いかり」,Jo0ji,high,Jo0ji,title,2026-06-25
zepp_sapporo:https://www.zepp.co.jp/hall/sapporo/schedule/single/?rid=159472,あらき LIVE ARK ODYSSEY,あらき,high,あらき,title,2026-06-25
zepp_sapporo:https://www.zepp.co.jp/hall/sapporo/schedule/single/?rid=161029,ROCK FOR YOU LIVE TOUR,YOU,high,YOU,title,2026-07-07
zepp_sapporo:https://www.zepp.co.jp/hall/sapporo/schedule/single/?rid=161030,ROCK FOR YOU LIVE TOUR,YOU,high,YOU,title,2026-07-07
zepp_sapporo:https://www.zepp.co.jp/hall/sapporo/schedule/single/?rid=161273,Vaundy VAWS one man live 2026 at Zepp Sapporo,Vaundy,high,Vaundy,title,2026-06-25
zepp_sapporo:https://www.zepp.co.jp/hall/sapporo/schedule/single/?rid=161274,Vaundy VAWS one man live 2026 at Zepp Sapporo,Vaundy,high,Vaundy,title,2026-06-25
zepp_sapporo:https://www.zepp.co.jp/hall/sapporo/schedule/single/?rid=162082,森山直太朗 Zepp TOURS 2026『Zepp de rolling DOSA 〜すべからく愛々〜』,森山直太朗,high,森山直太朗,title,2026-07-07
zepp_sapporo:https://www.zepp.co.jp/hall/sapporo/schedule/single/?rid=162178,SODA POP FESTIVAL TOUR 2026 summer,Soda,high,Soda,title,2026-07-07
zepp_sapporo:https://www.zepp.co.jp/hall/sapporo/schedule/single/?rid=162975,"WHITE JAM Zepp Tour 2026 ""磁石"" 〜 初のゼップツアー・5大都市 〜",WHITE JAM,high,WHITE JAM,title,2026-06-25
zepp_sapporo:https://www.zepp.co.jp/hall/sapporo/schedule/single/?rid=163256,Rockon Social Club Tour 2026 The Warriors,Rockon Social Club,high,Rockon Social Club,title,2026-06-25
zepp_sapporo:https://www.zepp.co.jp/hall/sapporo/schedule/single/?rid=163257,Rockon Social Club Tour 2026 The Warriors,Rockon Social Club,high,Rockon Social Club,title,2026-06-25
