venue_id,venue_name,pref_code,pref_name,capacity,official_url,source_type,source_url,config_json,is_enabled,ticketjam_watch,official_fetch_candidate,official_gap_reason
yokohama_arena,横浜アリーナ,14,神奈川県,17000,https://www.yokohama-arena.co.jp/,html,https://www.yokohama-arena.co.jp/event/{ym}?_format=json,"{""strategy"":""yokohama_arena_json""}",1
k_arena_yokohama,Kアリーナ横浜,14,神奈川県,20033,https://k-arena.com/,html,https://k-arena.com/schedule/,"{""strategy"":""k_arena_yokohama_schedule"",""max_pages"":4}",1
nissan_stadium,日産スタジアム,14,神奈川県,72327,https://www.nissan-stadium.jp/,html,https://www.nissan-stadium.jp/calendar/,"{""strategy"":""nissan_stadium_calendar""}",1
tokyo_international_forum,東京国際フォーラム,13,東京都,5012,https://www.t-i-forum.co.jp/,html,https://www.t-i-forum.co.jp/calendar/,"{""strategy"":""tif_calendar""}",0
zepp_sapporo,Zepp札幌,01,北海道,2009,https://www.zepp.co.jp/hall/sapporo/,html,https://www.zepp.co.jp/hall/sapporo/schedule/,"{""strategy"":""zepp_schedule""}",1
sapporo_dome,札幌ドーム,01,北海道,53000,https://www.sapporo-dome.co.jp/,html,https://www.sapporo-dome.co.jp/schedule/,"{""strategy"":""sapporo_dome_schedule""}",1
nippon_budokan,日本武道館,13,東京都,14471,https://www.nipponbudokan.or.jp/,html,https://www.nipponbudokan.or.jp/schedule,"{""strategy"":""budokan_schedule""}",0
tokyo_dome,東京ドーム,13,東京都,55000,https://www.tokyo-dome.co.jp/,html,https://www.tokyo-dome.co.jp/dome/event/schedule.html,"{""strategy"":""tokyo_dome_calendar""}",1
saitama_super_arena,GMOアリーナさいたま,11,埼玉県,37000,https://www.saitama-arena.co.jp/,html,https://www.saitama-arena.co.jp/schedule/,"{""strategy"":""saitama_arena_schedule"",""allowed_categories"":[""concert-show""]}",1
kyocera_dome_osaka,京セラドーム大阪,27,大阪府,55000,https://www.kyoceradome-osaka.jp/,html,https://www.kyoceradome-osaka.jp/schedule/,"{""strategy"":""kyocera_dome_schedule"",""months_ahead"":12}",1
osaka_jo_hall,大阪城ホール,27,大阪府,16000,https://www.osaka-johall.com/,html,https://www.osaka-johall.com/event,"{""strategy"":""osaka_jo_hall_schedule"",""months_ahead"":12}",1
vantelin_dome_nagoya,バンテリンドームナゴヤ,23,愛知県,49427,https://www.nagoya-dome.co.jp/,html,https://www.nagoya-dome.co.jp/enjoy/index.php,"{""strategy"":""vantelin_dome_schedule""}",1
fukuoka_paypay_dome,みずほPayPayドーム福岡,40,福岡県,52500,https://www.softbankhawks.co.jp/,html,https://www.softbankhawks.co.jp/stadium/,"{""strategy"":""fukuoka_paypay_dome_schedule"",""years_ahead"":1}",1
makuhari_messe,幕張メッセ,12,千葉県,9000,https://www.m-messe.co.jp/,html,https://www.m-messe.co.jp/event/,"{""strategy"":""makuhari_messe_schedule"",""months_ahead"":12,""allowed_categories"":[""音楽イベント""]}",1
zozo_marine_stadium,ZOZOマリンスタジアム,12,千葉県,29635,https://www.marines.co.jp/stadium/,html,https://www.marines.co.jp/event/schedule/,"{""strategy"":""zozo_marine_stadium_schedule""}",1
pia_arena_mm,ぴあアリーナMM,14,神奈川県,12360,https://pia-arena-mm.jp/,html,https://pia-arena-mm.jp/event/,"{""strategy"":""pia_arena_mm_schedule"",""months_ahead"":12}",1
portmesse_nagoya,ポートメッセなごや,23,愛知県,15000,https://portmesse.com/,html,https://portmesse.com/events/,"{""strategy"":""portmesse_nagoya_events""}",1
asue_arena_osaka,Asueアリーナ大阪,27,大阪府,10000,https://www.yahataya-park.jp/osaka_arena/,html,https://www.yahataya-park.jp/osaka_arena/events/index.html,"{""strategy"":""asue_arena_osaka_events"",""max_links"":40}",1
mufg_stadium,味の素スタジアム,13,東京都,49970,https://www.ajinomotostadium.com/,html,https://www.ajinomotostadium.com/schedule/,"{""strategy"":""mufg_stadium_schedule"",""months_ahead"":4}",1
marine_messe_fukuoka,マリンメッセ福岡,40,福岡県,15000,https://www.marinemesse.or.jp/messe/,html,https://www.marinemesse.or.jp/messe/event/,"{""strategy"":""marine_messe_fukuoka_event""}",1
nhk_hall,NHKホール,13,東京都,3601,https://www.nhk-hall.jp/,html,https://www.nhk-fdn.or.jp/nhk_hall/event.html,"{""strategy"":""generic""}",0,,,
zepp_haneda,Zepp Haneda(Tokyo),13,東京都,2886,https://www.zepp.co.jp/hall/haneda/,html,https://www.zepp.co.jp/hall/haneda/schedule/,"{""strategy"":""zepp_schedule""}",1
zepp_divercity,Zepp DiverCity(Tokyo),13,東京都,2473,https://www.zepp.co.jp/hall/divercity/,html,https://www.zepp.co.jp/hall/divercity/schedule/,"{""strategy"":""zepp_schedule""}",1
belluna_dome,ベルーナドーム,11,埼玉県,33556,https://bellunadome.seibulions.co.jp/,html,https://bellunadome.seibulions.co.jp/schedule/,"{""strategy"":""belluna_dome_schedule""}",1
zepp_namba,Zepp Namba(Osaka),27,大阪府,2530,https://www.zepp.co.jp/hall/namba/,html,https://www.zepp.co.jp/hall/namba/schedule/,"{""strategy"":""zepp_schedule""}",1
zepp_nagoya,Zepp Nagoya,23,愛知県,1796,https://www.zepp.co.jp/hall/nagoya/,html,https://www.zepp.co.jp/hall/nagoya/schedule/,"{""strategy"":""zepp_schedule""}",0
zepp_fukuoka,Zepp Fukuoka,40,福岡県,1526,https://www.zepp.co.jp/hall/fukuoka/,html,https://www.zepp.co.jp/hall/fukuoka/schedule/,"{""strategy"":""zepp_schedule""}",0
zepp_osaka_bayside,Zepp Osaka Bayside,27,大阪府,2801,https://www.zepp.co.jp/hall/osakabayside/,html,https://www.zepp.co.jp/hall/osakabayside/schedule/,"{""strategy"":""zepp_schedule""}",1
festival_hall,フェスティバルホール,27,大阪府,2700,https://www.festivalhall.jp/,html,https://www.festivalhall.jp/events/list/,"{""strategy"":""festival_hall_schedule"",""months_ahead"":12}",1
ariake_arena,有明アリーナ,13,東京都,15000,https://ariake-arena.tokyo/,html,https://ariake-arena.tokyo/event/,"{""strategy"":""ariake_arena_schedule""}",1
yoyogi_gymnasium,国立代々木競技場第一体育館,13,東京都,12542,https://www.jpnsport.go.jp/yoyogi/,html,https://www.jpnsport.go.jp/yoyogi/event/tabid/59/Default.aspx,"{""strategy"":""yoyogi_gymnasium_schedule""}",1
tokyo_garden_theater,東京ガーデンシアター,13,東京都,8000,https://www.shopping-sumitomo-rd.com/tokyo_garden_theater/,html,https://www.shopping-sumitomo-rd.com/tokyo_garden_theater/schedule/,"{""strategy"":""garden_theater_schedule"",""months_ahead"":12}",1
tdc_hall,TOKYO DOME CITY HALL,13,東京都,3120,https://www.tokyo-dome.co.jp/tdc-hall/,html,https://www.tokyo-dome.co.jp/tdc-hall/event/,"{""strategy"":""tdc_hall_schedule""}",1
toyosu_pit,豊洲PIT,13,東京都,3103,https://toyosu.pia-pit.jp/,html,https://toyosu.pia-pit.jp/schedule-list/,"{""strategy"":""toyosu_pit_schedule"",""months_ahead"":3}",1
yanmar_stadium_nagai,ヤンマースタジアム長居,27,大阪府,47816,https://nagaipark.com/guide/stadium/,html,https://nagaipark.com/news/,"{""strategy"":""nagai_park_event_calendar_pdf"",""months_ahead"":3}",1,0,0,
lalaarena_tokyobay,ららアリーナ 東京ベイ,12,千葉県,10000,https://lalaarenatokyo-bay.com/,html,https://lalaarenatokyo-bay.com/,"{""strategy"":""generic""}",0
ecopa_arena,エコパアリーナ,22,静岡県,10000,https://www.ecopa.jp/,html,https://www.ecopa.jp/,"{""strategy"":""generic""}",0
makomanai_sekisuiheim_ice_arena,真駒内セキスイハイムアイスアリーナ,01,北海道,10024,https://www.makomanai.com/icearena/,html,https://www.makomanai.com/icearena/,"{""strategy"":""generic""}",0
anabuki_arena_kagawa,あなぶきアリーナ香川,37,香川県,10000,https://kagawa-arena.com/,html,https://kagawa-arena.com/,"{""strategy"":""generic""}",0
saitama_stadium_2002,埼玉スタジアム2002,11,埼玉県,63700,https://www.stadium2002.com/,html,https://www.stadium2002.com/,"{""strategy"":""generic""}",0
todoroki_stadium,Uvanceとどろきスタジアム by Fujitsu,14,神奈川県,27495,https://www.frontale.co.jp/stadium/todoroki.html,html,https://www.frontale.co.jp/stadium/todoroki.html,"{""strategy"":""generic""}",0
suntory_hall,サントリーホール,13,東京都,2006,https://www.suntory.co.jp/suntoryhall/,html,https://www.suntory.co.jp/suntoryhall/,"{""strategy"":""generic""}",0
yokohama_fad,横浜F.A.D,14,神奈川県,,https://www.fad-music.com/,html,https://www.fad-music.com/,"{""strategy"":""generic""}",0
shibuya_club_quattro,渋谷クラブクアトロ,13,東京都,800,https://www.club-quattro.com/shibuya/,html,https://www.club-quattro.com/shibuya/,"{""strategy"":""generic""}",0
umeda_club_quattro,梅田クラブクアトロ,27,大阪府,650,https://www.club-quattro.com/umeda/,html,https://www.club-quattro.com/umeda/,"{""strategy"":""generic""}",0
liquidroom,LIQUIDROOM,13,東京都,900,https://www.liquidroom.net/,html,https://www.liquidroom.net/,"{""strategy"":""generic""}",0
kt_zepp_yokohama,KT Zepp Yokohama,14,神奈川県,2146,https://www.zepp.co.jp/hall/yokohama/,html,https://www.zepp.co.jp/hall/yokohama/,"{""strategy"":""generic""}",0
spotify_o_east,Spotify O-EAST,13,東京都,1300,https://shibuya-o.com/east/,html,https://shibuya-o.com/east/,"{""strategy"":""generic""}",0
line_cube_shibuya,LINE CUBE SHIBUYA,13,東京都,1956,https://linecubeshibuya.com/,html,https://linecubeshibuya.com/,"{""strategy"":""generic""}",0
zepp_shinjuku,Zepp Shinjuku(TOKYO),13,東京都,1500,https://www.zepp.co.jp/hall/shinjuku/,html,https://www.zepp.co.jp/hall/shinjuku/,"{""strategy"":""generic""}",0
bigcat,BIGCAT,27,大阪府,,https://bigcat-live.com/,html,https://bigcat-live.com/,"{""strategy"":""generic""}",0
gorilla_hall_osaka,GORILLA HALL OSAKA,27,大阪府,1300,https://gorillahall.jp/,html,https://gorillahall.jp/,"{""strategy"":""generic""}",0
club_citta,クラブチッタ,14,神奈川県,1300,https://clubcitta.co.jp/,html,https://clubcitta.co.jp/,"{""strategy"":""generic""}",0
shibuya_www_x,渋谷WWW X,13,東京都,700,https://www-shibuya.jp/schedule/,html,https://www-shibuya.jp/schedule/,"{""strategy"":""generic""}",0
shibuya_www,渋谷WWW,13,東京都,450,https://www-shibuya.jp/schedule/,html,https://www-shibuya.jp/schedule/,"{""strategy"":""generic""}",0
chiba_look,千葉LOOK,12,千葉県,,https://www.chibalook.com/,html,https://www.chibalook.com/,"{""strategy"":""generic""}",0
nagoya_club_quattro,名古屋クラブクアトロ,23,愛知県,500,https://www.club-quattro.com/nagoya/,html,https://www.club-quattro.com/nagoya/,"{""strategy"":""generic""}",0
tokyo_geijutsu_theatre_concert_hall,東京芸術劇場 コンサートホール,13,東京都,1999,https://www.geigeki.jp/,html,https://www.geigeki.jp/,"{""strategy"":""generic""}",0
orix_theater,オリックス劇場,27,大阪府,2400,https://www.orixtheater.jp/,html,https://www.orixtheater.jp/,"{""strategy"":""generic""}",0
sekisuiheim_super_arena,セキスイハイムスーパーアリーナ,04,宮城県,7063,https://www.mspf.jp/grande21/arena/,html,https://www.mspf.jp/grande21/arena/,"{""strategy"":""generic""}",0
yokohama_minatomirai_hall,横浜みなとみらいホール,14,神奈川県,2020,https://yokohama-minatomiraihall.jp/,html,https://yokohama-minatomiraihall.jp/,"{""strategy"":""generic""}",0
duo_music_exchange,duo MUSIC EXCHANGE,13,東京都,700,https://duomusicexchange.com/,html,https://duomusicexchange.com/,"{""strategy"":""generic""}",0
shimokitazawa_shelter,下北沢 SHELTER,13,東京都,250,https://www.loft-prj.co.jp/SHELTER/,html,https://www.loft-prj.co.jp/SHELTER/,"{""strategy"":""generic""}",0
aichi_sky_expo,愛知県国際展示場（AICHI SKY EXPO）,23,愛知県,6500,https://www.aichiskyexpo.com/,html,https://www.aichiskyexpo.com/,"{""strategy"":""generic""}",0
toki_messe,朱鷺メッセ 新潟コンベンションセンター,15,新潟県,10000,https://www.tokimesse.com/,html,https://www.tokimesse.com/visitor/event/index,"{""strategy"":""generic""}",0
fukuoka_sunpalace,福岡サンパレス,40,福岡県,2316,https://www.f-sunpalace.com/hall/,html,https://www.f-sunpalace.com/hall/,"{""strategy"":""generic""}",0
nihonbashi_mitsui_hall,日本橋三井ホール,13,東京都,690,https://nihonbashi-hall.jp/,html,https://nihonbashi-hall.jp/,"{""strategy"":""generic""}",0
asakusa_kagekijo,浅草花劇場,13,東京都,526,https://www.hanayashiki.net/events/kagekijo/,html,https://www.hanayashiki.net/events/kagekijo/,"{""strategy"":""generic""}",0
edogawa_cultural_center_hall,江戸川区総合文化センター 大ホール,13,東京都,1497,https://edogawa-bunkacenter.jp/,html,https://edogawa-bunkacenter.jp/,"{""strategy"":""generic""}",0
makomanai_open_stadium,真駒内セキスイハイムスタジアム,01,北海道,50000,https://www.sorachi.pref.hokkaido.lg.jp/kk/skk/gaiyou/jigyou/makomana.html,html,https://www.sorachi.pref.hokkaido.lg.jp/kk/skk/gaiyou/jigyou/makomana.html,,0
escon_field_hokkaido,エスコンフィールドHOKKAIDO,01,北海道,35000,https://www.hkdballpark.com/about/esconfield/,html,https://www.hkdballpark.com/about/esconfield/,,0
hokkai_kitayell,北海道立総合体育センター 北海きたえーる,01,北海道,10000,https://www.kitayell.jp/facilities/sports/main-arena/,html,https://www.kitayell.jp/facilities/sports/main-arena/,,0
hitaru,札幌文化芸術劇場 hitaru,01,北海道,2302,https://www.sapporo-community-plaza.jp/theater_seat.html,html,https://www.sapporo-community-plaza.jp/theater_seat.html,,0
kanamoto_hall,カナモトホール（札幌市民ホール）,01,北海道,1500,https://www.sapporo-shiminhall.org/hall/,html,https://www.sapporo-shiminhall.org/hall/,,0
omiya_sonic_city,大宮ソニックシティ 大ホール,11,埼玉県,2505,https://www.sonic-city.or.jp/visitors/hall.html,html,https://www.sonic-city.or.jp/visitors/hall.html,,0
fukuda_denshi_arena,フクダ電子アリーナ,12,千葉県,18500,https://sogasportspark.com/pages/74/,html,https://sogasportspark.com/pages/74/,,0
chiba_port_arena,千葉ポートアリーナ メインアリーナ,12,千葉県,7512,https://chibacity.spo-sin.or.jp/shisetu/arena-top/arena-main/,html,https://chibacity.spo-sin.or.jp/shisetu/arena-top/arena-main/,,0
funabashi_arena,船橋アリーナ メインアリーナ,12,千葉県,6000,https://www.funabashi-arena.com/mainarena/,html,https://www.funabashi-arena.com/mainarena/,,0
national_stadium,国立競技場,13,東京都,67750,https://www.jpnsport.go.jp/kokuritu/tabid/439/Default.aspx,html,https://www.jpnsport.go.jp/kokuritu/tabid/439/Default.aspx,,0
ryogoku_kokugikan,両国国技館,13,東京都,11098,https://www.sumo.or.jp/KokugikanInfo/about/,html,https://www.sumo.or.jp/KokugikanInfo/about/,,0
tokyo_metropolitan_gymnasium,東京体育館,13,東京都,9308,https://www.tef.or.jp/tmg/access.html,html,https://www.tef.or.jp/tmg/access.html,,0
yokohama_stadium,横浜スタジアム,14,神奈川県,35363,https://www.yokohama-stadium.co.jp/about/,html,https://www.yokohama-stadium.co.jp/about/,,0
nippatsu_mitsuzawa_stadium,ニッパツ三ツ沢球技場,14,神奈川県,15454,https://www.f-marinos.com/stadium_nippatsu,html,https://www.f-marinos.com/stadium_nippatsu,,0
pacifico_yokohama_national_hall,パシフィコ横浜 国立大ホール,14,神奈川県,5002,https://business.yokohamajapan.com/mice/ja/plan/venues/detail/?venue_id=612,html,https://business.yokohamajapan.com/mice/ja/plan/venues/detail/?venue_id=612,,0
yokohama_buntai,横浜BUNTAI,14,神奈川県,5000,https://yokohama-buntai.jp/facility/,html,https://yokohama-buntai.jp/facility/,,0
kanagawa_kenmin_hall,神奈川県民ホール 大ホール,14,神奈川県,2493,https://www.kanagawa-kenminhall.com/,html,https://www.kanagawa-kenminhall.com/,,0
toyota_stadium,豊田スタジアム,23,愛知県,44380,https://www.toyota-stadium.co.jp/facility03/,html,https://www.toyota-stadium.co.jp/facility03/,,0
nihon_gaishi_hall,日本ガイシホール,23,愛知県,10000,https://www.nespa.or.jp/sports-plaza/hall/,html,https://www.nespa.or.jp/sports-plaza/hall/event-schedule/concert.html,,0
nagoya_congress_center_century_hall,名古屋国際会議場 センチュリーホール,23,愛知県,3002,https://www.nagoya-congress-center.jp/wp-content/uploads/2018/02/century_zaseki.pdf,html,https://www.nagoya-congress-center.jp/wp-content/uploads/2018/02/century_zaseki.pdf,,0
panasonic_stadium_suita,Panasonic Stadium Suita,27,大阪府,40000,https://suitacityfootballstadium.jp/,html,https://suitacityfootballstadium.jp/schedule/,"{""strategy"":""panasonic_stadium_suita_schedule"",""months_ahead"":6}",1,0,0,
edion_arena_osaka,大阪府立体育会館（エディオンアリーナ大阪）,27,大阪府,8000,https://www.furitutaiikukaikan.ne.jp/,html,https://www.furitutaiikukaikan.ne.jp/,"{""strategy"":""edion_arena_osaka_pdf_schedule""}",1,0,0,
best_denki_stadium,ベスト電器スタジアム,40,福岡県,21546,https://www.jleague.jp/club/fukuoka/stadium/,html,https://www.jleague.jp/club/fukuoka/stadium/,,0
kitakyushu_media_dome,北九州メディアドーム,40,福岡県,18700,https://www.mediadome.jp/about.html,html,https://www.mediadome.jp/about.html,,0
fukuoka_kokusai_center,福岡国際センター,40,福岡県,10000,https://www.marinemesse.or.jp/kokusai/organizer/outline/,html,https://www.marinemesse.or.jp/kokusai/organizer/outline/,,0
koshien_stadium,阪神甲子園球場,28,兵庫県,47359,https://koshien.hanshin.co.jp/stadium_guide/seat.html,html,https://koshien.hanshin.co.jp/stadium_guide/seat.html,,0
noevir_stadium_kobe,ノエビアスタジアム神戸,28,兵庫県,30132,https://kobe-convention.jp/ja/planning/venues-and-accommodations/noevir-stadium-kobe/,html,https://kobe-convention.jp/ja/planning/venues-and-accommodations/noevir-stadium-kobe/,,0
universiade_memorial_stadium,神戸総合運動公園ユニバー記念競技場,28,兵庫県,45000,https://www.kobe-park.or.jp/sougou/facilities/memorialstadium/,html,https://www.kobe-park.or.jp/sougou/facilities/memorialstadium/,,0
glion_arena_kobe,GLION ARENA KOBE,28,兵庫県,10000,https://www.totteikobe.jp/,html,https://www.totteikobe.jp/event,,0,,,
world_kinen_hall,ワールド記念ホール（神戸ポートアイランドホール）,28,兵庫県,8000,https://www.kobe-spokyo.jp/worldsp-kobe/about/gaiyou,html,https://www.kobe-spokyo.jp/worldsp-kobe/about/gaiyou,,0
kobe_kokusai_hall,神戸国際会館 こくさいホール,28,兵庫県,2112,https://www.kih.co.jp/kokusaihall/,html,https://www.kih.co.jp/kokusaihall/,,0
hyogo_pac_kobelco_hall,兵庫県立芸術文化センター KOBELCO 大ホール,28,兵庫県,2001,https://lp.p.pia.jp/venue/classic/28/307/981/103281/index.html,html,https://lp.p.pia.jp/venue/classic/28/307/981/103281/index.html,,0
kobe_bunka_hall_large_hall,神戸文化ホール 大ホール,28,兵庫県,2043,https://www.kobe-bunka.jp/hall/about_hall/575/,html,https://www.kobe-bunka.jp/hall/about_hall/575/,,0
acrie_himeji,アクリエひめじ 大ホール,28,兵庫県,2010,https://www.city.himeji.lg.jp/kanko/0000006638.html,html,https://www.city.himeji.lg.jp/kanko/0000006638.html,,0
amashin_arcaic_hall,あましんアルカイックホール（尼崎市総合文化センター）,28,兵庫県,1820,https://www.archaic.or.jp/,html,https://www.archaic.or.jp/,,0
hiroshima_green_arena,広島グリーンアリーナ,34,広島県,10000,https://h-jigyoudan.or.jp/sports-center/,html,https://h-jigyoudan.or.jp/sports-center/center-events/,{},0,0,1,
sundome_fukui,サンドーム福井,18,福井県,9000,https://sundome.sankan.jp/,html,https://sundome.sankan.jp/eventinfo/,{},0,0,1,
ecopa_stadium,エコパスタジアム,22,静岡県,50889,https://www.ecopa.jp/facility/stadium/,html,https://www.ecopa.jp/event/,{},0,0,1,
ig_arena,IGアリーナ,23,愛知県,17000,https://www.ig-arena.jp/,html,https://www.ig-arena.jp/events/,{},0,0,1,
toyota_arena_tokyo,TOYOTA ARENA TOKYO,13,東京都,10000,https://www.toyota-arena-tokyo.jp/,html,https://www.toyota-arena-tokyo.jp/events/,{},0,0,1,
saga_arena,SAGAアリーナ,41,佐賀県,8400,https://saga-sunrisepark.com/facility/,html,https://saga-sunrisepark.com/event/2026/09,{},0,0,1,
saga_stadium,SAGAスタジアム,41,佐賀県,15000,https://saga-sunrisepark.com/facility/0321_3766/,html,https://saga-sunrisepark.com/status/,{},0,0,1,
happiness_arena,HAPPINESS ARENA,42,長崎県,6000,https://www.nagasakistadiumcity.com/project_outline/,html,https://www.nagasakistadiumcity.com/event/,{},0,0,1,
peace_stadium_nagasaki,PEACE STADIUM Connected by SoftBank,42,長崎県,20000,https://www.nagasakistadiumcity.com/project_outline/,html,https://www.nagasakistadiumcity.com/event/,{},0,0,1,
wakayama_big_whale,和歌山ビッグホエール,30,和歌山県,8500,https://www.wakayamasposhin.or.jp/big-whale/,html,https://www.wakayamasposhin.or.jp/big-whale/event/,{},0,0,1,
okinawa_arena,沖縄サントリーアリーナ,47,沖縄県,10000,https://okinawa-arena.jp/,html,https://okinawa-arena.jp/events,{},0,0,1,
portmesse_nagoya_hall1,ポートメッセなごや 第1展示館,23,愛知県,,https://portmesse.com/facility/tenjikan01,html,https://portmesse.com/events/,{},0,0,1,capacity_unverified; hall_specific_rental_dates_pending
nipro_hachiko_dome,ニプロハチ公ドーム,05,秋田県,15000,https://jukaidome.com/,html,https://jukaidome.com/calendar/,{},0,0,1,schedule_extent_pending
big_hat,ビッグハット,20,長野県,,https://www.nagano-mwave.co.jp/bighat/,html,https://www.nagano-mwave.co.jp/bighat/event_calender/,{},0,0,1,schedule_extent_pending; capacity_unverified
m_wave,エムウェーブ,20,長野県,20000,https://www.nagano-mwave.co.jp/m_wave/,html,https://www.nagano-mwave.co.jp/m_wave/event_calender/,{},0,0,1,schedule_extent_pending
asty_tokushima,アスティとくしま,36,徳島県,5000,https://www.asty-tokushima.jp/about/,html,https://www.asty-tokushima.jp/event/,{},0,0,1,schedule_extent_pending
ehime_budokan,愛媛県武道館,38,愛媛県,,https://ehime-spa.jp/budoukan/,html,https://ehime-spa.jp/budoukan/martial-event/,{},0,0,1,schedule_extent_pending; capacity_unverified
grandmesse_kumamoto,グランメッセ熊本,43,熊本県,,https://www.grandmesse.jp/,html,https://www.grandmesse.jp/dynamic/hpkiji/pub/calendar.aspx?c_id=3&class_id=3,{},0,0,1,schedule_extent_pending; capacity_unverified
shiga_daihatsu_arena,滋賀ダイハツアリーナ,25,滋賀県,5018,https://shiga-arena.jp/,html,https://shiga-arena.jp/,{},0,0,1,schedule_extent_pending
aomori_super_arena,カクヒログループスーパーアリーナ,02,青森県,3500,https://aomori-arena.jp/,html,https://aomori-arena.jp/news/4834/,{},0,0,1,schedule_extent_pending
morioka_takaya_arena,盛岡タカヤアリーナ,03,岩手県,,https://morioka-sport.or.jp/facility/arena/,html,https://morioka-sport.or.jp/facility/arena/,{},0,0,1,schedule_extent_pending; capacity_unverified
nd_soft_stadium_yamagata,NDソフトスタジアム山形,06,山形県,21174,https://park.montedio.co.jp/beni/outline/,html,https://park.montedio.co.jp/beni/reserve.html,{},0,0,1,schedule_extent_pending
horaiya_bonds_arena,宝来屋ボンズアリーナ,07,福島県,5013,https://kaiseizan-koriyama.jp/facility-01,html,https://kaiseizan-koriyama.jp/news/cat01/3139,{},0,0,1,schedule_extent_pending
adastria_mito_arena,アダストリアみとアリーナ,08,茨城県,5000,https://maas.or.jp/pages/126/,html,https://maas.or.jp/pages/87/,{},0,0,1,schedule_extent_pending
kanseki_stadium_tochigi,カンセキスタジアムとちぎ,09,栃木県,25000,https://www.gsz-northcentralarea.com/facility/stadium.html,html,https://www.gsz-northcentralarea.com/schedule/?ss=1,{},0,0,1,schedule_extent_pending
open_house_arena_ota,オープンハウスアリーナ太田,10,群馬県,,https://gunma-cm.com/,html,https://gunma-cm.com/events/,{},0,0,1,schedule_extent_pending; capacity_unverified
toyama_athletics_stadium,富山県総合運動公園陸上競技場,16,富山県,25000,https://toyamap.or.jp/kenso/info_map/main/,html,https://toyamap.or.jp/kenso/info_map/main/,{},0,0,1,schedule_extent_pending
ishikawa_sports_center,いしかわ総合スポーツセンター,17,石川県,5019,https://www.ishikawa-spc.jp/facilities/main-arina.html,html,https://www.ishikawa-spc.jp/event/index.html,{},0,0,1,schedule_extent_pending
jit_recycle_ink_stadium,JITリサイクルインクスタジアム,19,山梨県,15853,https://www.kose-sp.pref.yamanashi.jp/guide/34/,html,https://www.kose-sp.pref.yamanashi.jp/info/use/359755/,{},0,0,1,schedule_extent_pending
himalaya_stadium_gifu,ヒマラヤスタジアム岐阜,21,岐阜県,26109,https://gifu-sports.org/gmc/shisetsudata/nagaragawastg2/,html,https://gifu-sports.org/gmc/event/,{},0,0,1,schedule_extent_pending
mie_sun_arena,三重県営サンアリーナ,24,三重県,11000,https://sun-arena.or.jp/?page_id=173,html,https://sun-arena.or.jp/?page_id=904,{},0,0,1,schedule_extent_pending
sanga_stadium_kyocera,サンガスタジアム by KYOCERA,26,京都府,21600,https://sangastadium-by-kyocera.jp/stadium-guide/overview,html,https://sangastadium-by-kyocera.jp/event-calendar,{},0,0,1,schedule_extent_pending
rohto_arena_nara,ロートアリーナ奈良,29,奈良県,,https://konoike-sports-park.jp/facility,html,https://konoike-sports-park.jp/,{},0,0,1,schedule_extent_pending; capacity_unverified
axis_bird_stadium,Axisバードスタジアム,31,鳥取県,16033,https://www.fa-tottori.com/?page_id=4875,html,https://www.fa-tottori.com/?page_id=4875,{},0,0,1,schedule_extent_pending
matsue_general_gymnasium,バンダイナムコアリーナ松江,32,島根県,,https://www.so-tai.jp/,html,https://www.so-tai.jp/cgi-bin/rus7/event/view.cgi,{},0,0,1,schedule_extent_pending; capacity_unverified
jfe_harenokuni_stadium,JFE晴れの国スタジアム,33,岡山県,20000,https://www.okayama-momo.jp/userguide/01/,html,https://www.okayama-momo.jp/monthlyevent/,{},0,0,1,schedule_extent_pending
ishin_mirai_stadium,維新みらいふスタジアム,35,山口県,15115,https://www.ishin100.com/main/guide/gu-stadium/,html,https://www.ishin100.com/main/sche-top_wp/,{},0,0,1,schedule_extent_pending
giken_stadium,GIKENスタジアム,39,高知県,25000,https://sports-facility.pref.kochi.lg.jp/facility-s.php?CD=020100,html,https://sports-facility.pref.kochi.lg.jp/facility-s.php?CD=020100,{},0,0,1,schedule_extent_pending; operator_identity_pending
crasus_dome_oita,クラサスドーム大分,44,大分県,40000,https://www.oita-sportspark.jp/facility/dome,html,https://www.oita-sportspark.jp/event,{},0,0,1,schedule_extent_pending
ichigo_miyazaki_shintomi_stadium,いちご宮崎新富サッカー場,45,宮崎県,5354,https://www.ichigo-shintomi.jp/,html,https://www.ichigo-shintomi.jp/,{},0,0,1,schedule_extent_pending
nishihara_shokai_arena,西原商会アリーナ,46,鹿児島県,5700,https://nishihara-shokai-arena.jp/guide/outline,html,https://nishihara-shokai-arena.jp/event,{},0,0,1,schedule_extent_pending
jingu_stadium,明治神宮野球場,13,東京都,29943,https://www.jingu-stadium.com/about_kyujo/equipment/equipment.html,html,https://www.jingu-stadium.com/event/,{},0,0,1,schedule_extent_pending
edion_peace_wing_hiroshima,エディオンピースウイング広島,34,広島県,28520,https://hiroshima-stadiumpark.jp/peacewing/,html,https://hiroshima-stadiumpark.jp/peacewing/schedule/,{},0,0,1,schedule_extent_pending
mercari_stadium,メルカリスタジアム,08,茨城県,40003,https://www.antlers.co.jp/pages/mercari-stadium-about,html,https://www.antlers.co.jp/pages/mercari-stadium-event-index/,{},0,0,1,schedule_extent_pending
mikuni_world_stadium_kitakyushu,ミクニワールドスタジアム北九州,40,福岡県,,https://www.kitakyushu-stadium.jp/,html,https://www.kitakyushu-stadium.jp/event/,{},0,0,1,schedule_extent_pending
sunpro_alwin,サンプロ アルウィン,20,長野県,20000,https://shinshu-skypark.net/facility/alwin.php,html,https://shinshu-skypark.net/facility/alwin.php,{},0,0,1,schedule_extent_pending
denka_big_swan_stadium,デンカビッグスワンスタジアム,15,新潟県,42300,https://www.denka-bigswan.com/organizer/,html,https://www.denka-bigswan.com/event/,{},0,0,1,schedule_extent_pending
egao_kenko_stadium,えがお健康スタジアム,43,熊本県,30000,https://www.kspa.or.jp/rikujo/,html,https://www.kspa.or.jp/rikujo_yotei/,{},0,0,1,schedule_extent_pending
aore_nagaoka,アオーレ長岡,15,新潟県,5000,https://ao-re.jp/floormap/arena,html,https://ao-re.jp/event/date/2026/09,{},0,0,1,schedule_extent_pending
xebio_arena_sendai,ゼビオアリーナ仙台,04,宮城県,7200,https://www.xebioarena.com/facility/,html,https://www.xebioarena.com/program/,{},0,0,1,schedule_extent_pending
ebara_wave_arena_ota,EBARA WAVE アリーナおおた,13,東京都,4012,https://www.ota.esforta.jp/,html,https://www.ota.esforta.jp/event/,{},0,0,1,schedule_extent_pending
arena_tachikawa_tachihi,アリーナ立川立飛,13,東京都,3275,https://www.arenatachikawatachihi.com/guide/facilities/,html,https://www.arenatachikawatachihi.com/events/,{},0,0,1,schedule_extent_pending
esforta_arena_hachioji,エスフォルタアリーナ八王子,13,東京都,,https://www.hachioji.esforta.jp/arena/,html,https://www.hachioji.esforta.jp/arena/,{},0,0,1,schedule_extent_pending
white_ring,ホワイトリング,20,長野県,5008,https://whitering.jp/facility.html,html,https://whitering.jp/event.html,{},0,0,1,schedule_extent_pending
ookini_arena_maishima,おおきにアリーナ舞洲,27,大阪府,7056,https://human-arena.com/mainarena/,html,https://human-arena.com/mainarena/,{},0,0,1,schedule_extent_pending
yokohama_budokan,横浜武道館,14,神奈川県,3000,https://www.yokohama-budokan.com/,html,https://www.yokohama-budokan.com/event/,{},0,0,1,schedule_extent_pending
prifoods_stadium,プライフーズスタジアム,02,青森県,5200,https://taga-playground.com/outline/,html,https://taga-playground.com/outline/,{},0,0,1,schedule_extent_pending
yurtec_stadium_sendai,ユアテックスタジアム仙台,04,宮城県,19526,https://www.city.sendai.jp/koen-rikatu/kurashi/manabu/sports/stadium/shisetu.html,html,https://www.city.sendai.jp/koen-rikatu/kurashi/manabu/sports/stadium/shisetu.html,{},0,0,1,schedule_extent_pending
rakuten_mobile_saikyo_park_miyagi,楽天モバイル 最強パーク宮城,04,宮城県,,https://corp.rakuten.co.jp/news/press/2025/1201_01.html,html,https://corp.rakuten.co.jp/news/press/2025/1201_01.html,{},0,0,1,schedule_extent_pending
soyu_stadium,ソユースタジアム,05,秋田県,,https://www.city.akita.lg.jp/shisetsu/sports-koen/1009703/1006394.html,html,https://www.city.akita.lg.jp/kurashi/sports/1016927.html,{},0,0,1,schedule_extent_pending
yamagata_sports_park_gymnasium,山形県総合運動公園総合体育館,06,山形県,,https://park.montedio.co.jp/beni/outline/sports.html,html,https://park.montedio.co.jp/beni/outline/sports.html,{},0,0,1,schedule_extent_pending
toho_minna_stadium,とうほう・みんなのスタジアム,07,福島県,21000,https://www.azumapark.or.jp/guide-map/sports-facility/%E3%81%A8%E3%81%86%E3%81%BB%E3%81%86%E3%83%BB%E3%81%BF%E3%82%93%E3%81%AA%E3%81%AE%E3%82%B9%E3%82%BF%E3%82%B8%E3%82%A2%E3%83%A0/,html,https://www.azumapark.or.jp/guide-map/sports-facility/%E3%81%A8%E3%81%86%E3%81%BB%E3%81%86%E3%83%BB%E3%81%BF%E3%82%93%E3%81%AA%E3%81%AE%E3%82%B9%E3%82%BF%E3%82%B8%E3%82%A2%E3%83%A0/,{},0,0,1,schedule_extent_pending
hawaiians_stadium_iwaki,ハワイアンズスタジアムいわき,07,福島県,6400,https://iwakicity-park.or.jp/greenfield/,html,https://iwakicity-park.or.jp/greenfield/taikaiyotei/,{},0,0,1,schedule_extent_pending
mitoshin_stadium,水戸信用金庫スタジアム,08,茨城県,22002,https://www.ibaraki-sports.or.jp/kasamatsu2/%E9%99%B8%E4%B8%8A%E7%AB%B6%E6%8A%80%E5%A0%B4/,html,https://www.ibaraki-sports.or.jp/kasamatsu2/%E9%99%B8%E4%B8%8A%E7%AB%B6%E6%8A%80%E5%A0%B4/,{},0,0,1,schedule_extent_pending
brex_arena_utsunomiya,とちぎん・ブレックスアリーナ宇都宮,09,栃木県,,https://www.utsunomiya-sponavi.or.jp/facility/01.html?id=1,html,https://www.utsunomiya-sponavi.or.jp/facility/01.html?id=1,{},0,0,1,schedule_extent_pending
city_football_station,CITY FOOTBALL STATION,09,栃木県,,https://tochigi-city.com/watching/stadium/,html,https://tochigi-city.com/watching/stadium/,{},0,0,1,schedule_extent_pending
shoda_shoyu_stadium_gunma,正田醤油スタジアム群馬,10,群馬県,,https://shikishima-park.org/facility/stadium.html,html,https://shikishima-park.org/facility/stadium.html,{},0,0,1,schedule_extent_pending
urawa_komaba_gymnasium,浦和駒場体育館,11,埼玉県,,https://www.city.saitama.lg.jp/004/006/003/001/p034294.html,html,https://www.city.saitama.lg.jp/004/006/003/001/p034294.html,{},0,0,1,schedule_extent_pending
koshigaya_municipal_gymnasium,越谷市立総合体育館,11,埼玉県,4472,https://sougoutaiiku.kosi-kanri.com/guide/,html,https://sougoutaiiku.kosi-kanri.com/schedule/,{},0,0,1,schedule_extent_pending
nack5_stadium_omiya,NACK5スタジアム大宮,11,埼玉県,,https://www.rbomiya.com/jp-ja/content/stadium,html,https://www.rbomiya.com/jp-ja/content/stadium,{},0,0,1,schedule_extent_pending
sankyo_frontier_kashiwa_stadium,三協フロンテア柏スタジアム,12,千葉県,,https://www.reysol.co.jp/game/stadium/,html,https://www.reysol.co.jp/game/stadium/,{},0,0,1,schedule_extent_pending
shinagawa_general_gymnasium,品川区立総合体育館,13,東京都,,https://www.ssa.or.jp/sougou/,html,https://www.ssa.or.jp/sougou/,{},0,0,1,schedule_extent_pending
machida_gion_stadium,町田GIONスタジアム,13,東京都,15489,https://www.nozuta-park.com/athletics.html,html,https://www.nozuta-park.com/calender.html,{},0,0,1,schedule_extent_pending
lemon_gas_stadium_hiratsuka,レモンガススタジアム平塚,14,神奈川県,15380,https://www.city.hiratsuka.kanagawa.jp/koen/page-c_00810.html,html,https://www.city.hiratsuka.kanagawa.jp/koen/page-c_00810.html,{},0,0,1,schedule_extent_pending
sagamihara_gion_stadium,相模原ギオンスタジアム,14,神奈川県,,https://a-stadium.jpn.org/,html,https://a-stadium.jpn.org/,{},0,0,1,schedule_extent_pending
akibadai_cultural_gymnasium,秋葉台文化体育館,14,神奈川県,3000,https://f-mirai.jp/sports/gymnasium/akibadai,html,https://f-mirai.jp/sports/gymnasium/akibadai,{},0,0,1,schedule_extent_pending
ykk_ap_arena,YKK AP ARENA,16,富山県,,https://toyama-arena.co.jp/,html,https://toyama-arena.co.jp/,{},0,0,1,schedule_extent_pending
kanazawa_gogo_curry_stadium,金沢ゴーゴーカレースタジアム,17,石川県,10444,https://www.kanazawa-stadium.jp/,html,https://www.kanazawa-stadium.jp/,{},0,0,1,schedule_extent_pending
seiren_dream_arena,セーレン・ドリームアリーナ,18,福井県,,https://www.pref.fukui.lg.jp/doc/undoukouen/taiikukan.html,html,https://www.pref.fukui.lg.jp/doc/undoukouen/taiikukan.html,{},0,0,1,schedule_extent_pending
nagano_u_stadium,長野Uスタジアム,20,長野県,,https://parceiro.co.jp/stadium/access.html,html,https://parceiro.co.jp/stadium/access.html,{},0,0,1,schedule_extent_pending
okb_gifu_seiryu_arena,OKBぎふ清流アリーナ,21,岐阜県,,https://www.pref.gifu.lg.jp/site/ken-shisetsu/62.html,html,https://www.pref.gifu.lg.jp/site/ken-shisetsu/62.html,{},0,0,1,schedule_extent_pending
yamaha_stadium,ヤマハスタジアム,22,静岡県,15165,https://jubilo-iwata.co.jp/stadium/yamaha,html,https://jubilo-iwata.co.jp/stadium/yamaha,{},0,0,1,schedule_extent_pending
fujieda_sports_park_soccer_stadium,藤枝総合運動公園サッカー場,22,静岡県,,https://www.fujiedascp.com/information/index.php?c=1,html,https://www.fujiedascp.com/information/index.php?c=1,{},0,0,1,schedule_extent_pending
iai_stadium_nihondaira,IAIスタジアム日本平,22,静岡県,20299,https://shimizu-nihondaira.com/about,html,https://shimizu-nihondaira.com/about,{},0,0,1,schedule_extent_pending
biwajima_sports_center,名古屋市枇杷島スポーツセンター,23,愛知県,,https://www.nespa.or.jp/facility/biwajima_sc/outline.html,html,https://www.nespa.or.jp/facility/biwajima_sc/outline.html,{},0,0,1,schedule_extent_pending
agf_suzuka_gymnasium,AGF鈴鹿体育館,24,三重県,,https://www.city.suzuka.lg.jp/shisei/shisetsu/1004371/1004372.html,html,https://www.city.suzuka.lg.jp/shisei/shisetsu/1004371/1004372.html,{},0,0,1,schedule_extent_pending
heiwado_hato_stadium,平和堂HATOスタジアム,25,滋賀県,15000,https://www.bsn.or.jp/hikone/shisetsu_no1/,html,https://www.bsn.or.jp/hikone/shisetsu_no1/,{},0,0,1,schedule_extent_pending
yanmar_hanasaka_stadium,YANMAR HANASAKA STADIUM,27,大阪府,,https://www.hanasaka-stadium.jp/guide/,html,https://www.hanasaka-stadium.jp/schedule/,{},0,0,1,schedule_extent_pending
hanazono_rugby_stadium,東大阪市花園ラグビー場,27,大阪府,,https://www.city.higashiosaka.lg.jp/category/21-14-1-0-0-0-0-0-0-0.html,html,https://www.city.higashiosaka.lg.jp/category/21-14-1-0-0-0-0-0-0-0.html,{},0,0,1,schedule_extent_pending
rohto_field_nara,ロートフィールド奈良,29,奈良県,,https://www.city.nara.lg.jp/soshiki/22/5387.html,html,https://www.city.nara.lg.jp/soshiki/22/5387.html,{},0,0,1,schedule_extent_pending
shigeto_arena_okayama,シゲトーアリーナ岡山,33,岡山県,,https://www.okayama-momo.jp/userguide/03/,html,https://www.okayama-momo.jp/monthlyevent/,{},0,0,1,schedule_extent_pending
tawarada_memorial_gymnasium,俵田翁記念体育館,35,山口県,,https://ube-taikyou.or.jp/facilities/tawaradaou-gym/,html,https://ube-taikyou.or.jp/facilities/tawaradaou-gym/,{},0,0,1,schedule_extent_pending
tokugin_tomoni_arena,とくぎんトモニアリーナ,36,徳島県,4200,https://www.tokushimacity-sports.or.jp/facilities-info/116/,html,https://www.tokushimacity-sports.or.jp/event-schedule,{},0,0,1,schedule_extent_pending
pocari_sweat_stadium,鳴門・大塚スポーツパーク ポカリスエットスタジアム,36,徳島県,19514,https://www.awa-spo.net/naruto/pocari/,html,https://www.awa-spo.net/naruto/event/,{},0,0,1,schedule_extent_pending
shikoku_kasei_meglio_stadium,四国化成MEGLIOスタジアム,37,香川県,30099,https://www.pref.kagawa.lg.jp/yosan/koukoku/nr_marukyo.html,html,https://www.pref.kagawa.lg.jp/yosan/koukoku/nr_marukyo.html,{},0,0,1,schedule_extent_pending
asics_satoyama_stadium,アシックス里山スタジアム,38,愛媛県,,https://satoyamastadium.com/stadium/,html,https://satoyamastadium.com/event/,{},0,0,1,schedule_extent_pending
matsuyama_community_center_gymnasium,松山市総合コミュニティセンター体育館,38,愛媛県,,https://www.cul-spo.or.jp/comcen/fac_taiiku,html,https://www.cul-spo.or.jp/comcen/fac_taiiku,{},0,0,1,schedule_extent_pending
teriha_sekisui_house_arena,照葉積水ハウスアリーナ,40,福岡県,,https://www.fukuoka-city-arena.jp/about/fc_main.html,html,https://www.fukuoka-city-arena.jp/about/fc_main.html,{},0,0,1,schedule_extent_pending
ekimae_fudosan_stadium,駅前不動産スタジアム,41,佐賀県,25000,https://www.city.tosu.lg.jp/soshiki/12/1150.html,html,https://www.city.tosu.lg.jp/soshiki/12/1150.html,{},0,0,1,schedule_extent_pending
kumamoto_prefectural_gymnasium,熊本県立総合体育館,43,熊本県,,https://www.kspa.or.jp/sougou_taiku_charge/,html,https://www.kspa.or.jp/sougou_taiku_yotei/,{},0,0,1,schedule_extent_pending
shiranami_stadium,白波スタジアム,46,鹿児島県,,https://ppp.seika-spc.co.jp/kamoike-undo/?page_id=3916,html,https://ppp.seika-spc.co.jp/kamoike-undo/?page_id=9,{},0,0,1,schedule_extent_pending
okinawa_sports_park_stadium,沖縄県総合運動公園陸上競技場,47,沖縄県,,https://okinawa-kenso.com/?page_id=213,html,https://okinawa-kenso.com/?page_id=48093,{},0,0,1,schedule_extent_pending
ningineer_stadium,ニンジニアスタジアム,38,愛媛県,20919,https://ehimefc.com/access/ningineerstadium.html,html,https://ehimefc.com/access/ningineerstadium.html,{},0,0,1,schedule_extent_pending
mazda_zoom_zoom_stadium_hiroshima,MAZDA Zoom-Zoom スタジアム広島,34,広島県,,https://www.city.hiroshima.lg.jp/tourism-culture/sports/1021484/1014905/1017941.html,html,https://www.city.hiroshima.lg.jp/tourism-culture/sports/1021484/1014905/1017941.html,{},0,0,1,schedule_extent_pending
hakodate_salmon_marunama_arena,函館サーモン・まるなまアリーナ,01,北海道,5000,https://www.city.hakodate.hokkaido.jp/docs/2014040900082/,html,https://www.zaidan-hakodate.com/arena/,{},0,0,1,schedule_extent_pending
